2026-08-16T12:43:08.415593534Z	amf	free5gc-free5gc-amf-amf-85d9ffb9c6-qvgxs	Running	true
2026-08-16T12:43:08.415593534Z	ausf	free5gc-free5gc-ausf-ausf-54c5798bd9-kjrdc	Running	true
2026-08-16T12:43:08.415593534Z	pcf	free5gc-free5gc-pcf-pcf-5699db94cc-vhxt6	Running	true
2026-08-16T12:43:08.415593534Z	udm	free5gc-free5gc-udm-udm-7fc7856685-qgwwg	Running	true
2026-08-16T12:43:08.415593534Z	udr	free5gc-free5gc-udr-udr-58755768c-nfw5h	Running	true
2026-08-16T12:43:08.415593534Z	open5glos	open5glos-b75498bb4-hkqrl	Running	true
2026-08-16T12:43:11.577680430Z	amf	free5gc-free5gc-amf-amf-85d9ffb9c6-qvgxs	Running	true
2026-08-16T12:43:11.577680430Z	ausf	free5gc-free5gc-ausf-ausf-54c5798bd9-kjrdc	Running	true
2026-08-16T12:43:11.577680430Z	pcf	free5gc-free5gc-pcf-pcf-5699db94cc-vhxt6	Running	true
2026-08-16T12:43:11.577680430Z	udm	free5gc-free5gc-udm-udm-7fc7856685-qgwwg	Running	true
2026-08-16T12:43:11.577680430Z	udr	free5gc-free5gc-udr-udr-58755768c-nfw5h	Running	true
2026-08-16T12:43:11.577680430Z	open5glos	open5glos-b75498bb4-hkqrl	Running	true
2026-08-16T12:43:14.885399400Z	amf	free5gc-free5gc-amf-amf-85d9ffb9c6-qvgxs	Running	true
2026-08-16T12:43:14.885399400Z	ausf	free5gc-free5gc-ausf-ausf-54c5798bd9-kjrdc	Running	true
2026-08-16T12:43:14.885399400Z	pcf	free5gc-free5gc-pcf-pcf-5699db94cc-vhxt6	Running	true
2026-08-16T12:43:14.885399400Z	udm	free5gc-free5gc-udm-udm-7fc7856685-qgwwg	Running	true
2026-08-16T12:43:14.885399400Z	udr	free5gc-free5gc-udr-udr-58755768c-nfw5h	Running	true
2026-08-16T12:43:14.885399400Z	open5glos	open5glos-b75498bb4-hkqrl	Running	true
2026-08-16T12:43:18.399314259Z	amf	free5gc-free5gc-amf-amf-85d9ffb9c6-qvgxs	Running	true
2026-08-16T12:43:18.399314259Z	ausf	free5gc-free5gc-ausf-ausf-54c5798bd9-kjrdc	Running	true
2026-08-16T12:43:18.399314259Z	pcf	free5gc-free5gc-pcf-pcf-5699db94cc-vhxt6	Running	true
2026-08-16T12:43:18.399314259Z	udm	free5gc-free5gc-udm-udm-7fc7856685-qgwwg	Running	true
2026-08-16T12:43:18.399314259Z	udr	free5gc-free5gc-udr-udr-58755768c-nfw5h	Running	true
2026-08-16T12:43:18.399314259Z	open5glos	open5glos-b75498bb4-hkqrl	Running	true
2026-08-16T12:43:22.095738299Z	amf	free5gc-free5gc-amf-amf-85d9ffb9c6-qvgxs	Running	true
2026-08-16T12:43:22.095738299Z	ausf	free5gc-free5gc-ausf-ausf-54c5798bd9-kjrdc	Running	true
2026-08-16T12:43:22.095738299Z	pcf	free5gc-free5gc-pcf-pcf-5699db94cc-vhxt6	Running	true
2026-08-16T12:43:22.095738299Z	udm	free5gc-free5gc-udm-udm-7fc7856685-qgwwg	Running	true
2026-08-16T12:43:22.095738299Z	udr	free5gc-free5gc-udr-udr-58755768c-nfw5h	Running	true
2026-08-16T12:43:22.095738299Z	open5glos	open5glos-b75498bb4-hkqrl	Running	true
2026-08-16T12:43:25.940406964Z	amf	free5gc-free5gc-amf-amf-85d9ffb9c6-qvgxs	Running	true
2026-08-16T12:43:25.940406964Z	ausf	free5gc-free5gc-ausf-ausf-54c5798bd9-kjrdc	Running	true
2026-08-16T12:43:25.940406964Z	pcf	free5gc-free5gc-pcf-pcf-5699db94cc-vhxt6	Running	true
2026-08-16T12:43:25.940406964Z	udm	free5gc-free5gc-udm-udm-7fc7856685-qgwwg	Running	true
2026-08-16T12:43:25.940406964Z	udr	free5gc-free5gc-udr-udr-58755768c-nfw5h	Running	true
2026-08-16T12:43:25.940406964Z	open5glos	open5glos-b75498bb4-hkqrl	Running	true
2026-08-16T12:43:29.409791573Z	amf	free5gc-free5gc-amf-amf-85d9ffb9c6-qvgxs	Running	true
2026-08-16T12:43:29.409791573Z	ausf	free5gc-free5gc-ausf-ausf-54c5798bd9-kjrdc	Running	true
2026-08-16T12:43:29.409791573Z	pcf	free5gc-free5gc-pcf-pcf-5699db94cc-vhxt6	Running	true
2026-08-16T12:43:29.409791573Z	udm	free5gc-free5gc-udm-udm-7fc7856685-qgwwg	Running	true
2026-08-16T12:43:29.409791573Z	udr	free5gc-free5gc-udr-udr-58755768c-nfw5h	Running	true
2026-08-16T12:43:29.409791573Z	open5glos	open5glos-b75498bb4-hkqrl	Running	true
2026-08-16T12:43:32.853856191Z	amf	free5gc-free5gc-amf-amf-85d9ffb9c6-qvgxs	Running	true
2026-08-16T12:43:32.853856191Z	ausf	free5gc-free5gc-ausf-ausf-54c5798bd9-kjrdc	Running	true
2026-08-16T12:43:32.853856191Z	pcf	free5gc-free5gc-pcf-pcf-5699db94cc-vhxt6	Running	true
2026-08-16T12:43:32.853856191Z	udm	free5gc-free5gc-udm-udm-7fc7856685-qgwwg	Running	true
2026-08-16T12:43:32.853856191Z	udr	free5gc-free5gc-udr-udr-58755768c-nfw5h	Running	true
2026-08-16T12:43:32.853856191Z	open5glos	open5glos-b75498bb4-hkqrl	Running	true
2026-08-16T12:43:36.018329981Z	amf	free5gc-free5gc-amf-amf-85d9ffb9c6-qvgxs	Running	true
2026-08-16T12:43:36.018329981Z	ausf	free5gc-free5gc-ausf-ausf-54c5798bd9-kjrdc	Running	true
2026-08-16T12:43:36.018329981Z	pcf	free5gc-free5gc-pcf-pcf-5699db94cc-vhxt6	Running	true
2026-08-16T12:43:36.018329981Z	udm	free5gc-free5gc-udm-udm-7fc7856685-qgwwg	Running	true
2026-08-16T12:43:36.018329981Z	udr	free5gc-free5gc-udr-udr-58755768c-nfw5h	Running	true
2026-08-16T12:43:36.018329981Z	open5glos	open5glos-b75498bb4-hkqrl	Running	true
2026-08-16T12:43:39.348882344Z	amf	free5gc-free5gc-amf-amf-85d9ffb9c6-qvgxs	Running	true
2026-08-16T12:43:39.348882344Z	ausf	free5gc-free5gc-ausf-ausf-54c5798bd9-kjrdc	Running	true
2026-08-16T12:43:39.348882344Z	pcf	free5gc-free5gc-pcf-pcf-5699db94cc-vhxt6	Running	true
2026-08-16T12:43:39.348882344Z	udm	free5gc-free5gc-udm-udm-7fc7856685-qgwwg	Running	true
2026-08-16T12:43:39.348882344Z	udr	free5gc-free5gc-udr-udr-58755768c-nfw5h	Running	true
2026-08-16T12:43:39.348882344Z	open5glos	open5glos-b75498bb4-hkqrl	Running	true
2026-08-16T12:43:42.510944661Z	amf	free5gc-free5gc-amf-amf-85d9ffb9c6-qvgxs	Running	true
2026-08-16T12:43:42.510944661Z	ausf	free5gc-free5gc-ausf-ausf-54c5798bd9-kjrdc	Running	true
2026-08-16T12:43:42.510944661Z	pcf	free5gc-free5gc-pcf-pcf-5699db94cc-vhxt6	Running	true
2026-08-16T12:43:42.510944661Z	udm	free5gc-free5gc-udm-udm-7fc7856685-qgwwg	Running	true
2026-08-16T12:43:42.510944661Z	udr	free5gc-free5gc-udr-udr-58755768c-nfw5h	Running	true
2026-08-16T12:43:42.510944661Z	open5glos	open5glos-b75498bb4-hkqrl	Running	true
2026-08-16T12:43:45.806342959Z	amf	free5gc-free5gc-amf-amf-85d9ffb9c6-7h9rx	Pending	false
2026-08-16T12:43:45.806342959Z	amf	free5gc-free5gc-amf-amf-85d9ffb9c6-qvgxs	Running	true
2026-08-16T12:43:45.806342959Z	ausf	free5gc-free5gc-ausf-ausf-54c5798bd9-kjrdc	Running	true
2026-08-16T12:43:45.806342959Z	pcf	free5gc-free5gc-pcf-pcf-5699db94cc-vhxt6	Running	true
2026-08-16T12:43:45.806342959Z	udm	free5gc-free5gc-udm-udm-7fc7856685-qgwwg	Running	true
2026-08-16T12:43:45.806342959Z	udr	free5gc-free5gc-udr-udr-58755768c-nfw5h	Running	true
2026-08-16T12:43:45.806342959Z	open5glos	open5glos-b75498bb4-hkqrl	Running	true
2026-08-16T12:43:49.183255625Z	amf	free5gc-free5gc-amf-amf-85d9ffb9c6-7h9rx	Running	false
2026-08-16T12:43:49.183255625Z	amf	free5gc-free5gc-amf-amf-85d9ffb9c6-qvgxs	Running	true
2026-08-16T12:43:49.183255625Z	ausf	free5gc-free5gc-ausf-ausf-54c5798bd9-kjrdc	Running	true
2026-08-16T12:43:49.183255625Z	pcf	free5gc-free5gc-pcf-pcf-5699db94cc-vhxt6	Running	true
2026-08-16T12:43:49.183255625Z	udm	free5gc-free5gc-udm-udm-7fc7856685-qgwwg	Running	true
2026-08-16T12:43:49.183255625Z	udr	free5gc-free5gc-udr-udr-58755768c-nfw5h	Running	true
2026-08-16T12:43:49.183255625Z	open5glos	open5glos-b75498bb4-hkqrl	Running	true
2026-08-16T12:43:52.454552581Z	amf	free5gc-free5gc-amf-amf-85d9ffb9c6-7h9rx	Running	false
2026-08-16T12:43:52.454552581Z	amf	free5gc-free5gc-amf-amf-85d9ffb9c6-qvgxs	Running	true
2026-08-16T12:43:52.454552581Z	ausf	free5gc-free5gc-ausf-ausf-54c5798bd9-kjrdc	Running	true
2026-08-16T12:43:52.454552581Z	pcf	free5gc-free5gc-pcf-pcf-5699db94cc-vhxt6	Running	true
2026-08-16T12:43:52.454552581Z	udm	free5gc-free5gc-udm-udm-7fc7856685-qgwwg	Running	true
2026-08-16T12:43:52.454552581Z	udr	free5gc-free5gc-udr-udr-58755768c-nfw5h	Running	true
2026-08-16T12:43:52.454552581Z	open5glos	open5glos-b75498bb4-hkqrl	Running	true
2026-08-16T12:43:55.733630961Z	amf	free5gc-free5gc-amf-amf-85d9ffb9c6-7h9rx	Running	false
2026-08-16T12:43:55.733630961Z	amf	free5gc-free5gc-amf-amf-85d9ffb9c6-qvgxs	Running	true
2026-08-16T12:43:55.733630961Z	ausf	free5gc-free5gc-ausf-ausf-54c5798bd9-kjrdc	Running	true
2026-08-16T12:43:55.733630961Z	pcf	free5gc-free5gc-pcf-pcf-5699db94cc-vhxt6	Running	true
2026-08-16T12:43:55.733630961Z	udm	free5gc-free5gc-udm-udm-7fc7856685-qgwwg	Running	true
2026-08-16T12:43:55.733630961Z	udr	free5gc-free5gc-udr-udr-58755768c-nfw5h	Running	true
2026-08-16T12:43:55.733630961Z	open5glos	open5glos-b75498bb4-hkqrl	Running	true
2026-08-16T12:43:58.974674268Z	amf	free5gc-free5gc-amf-amf-85d9ffb9c6-7h9rx	Running	true
2026-08-16T12:43:58.974674268Z	amf	free5gc-free5gc-amf-amf-85d9ffb9c6-qvgxs	Running	true
2026-08-16T12:43:58.974674268Z	ausf	free5gc-free5gc-ausf-ausf-54c5798bd9-kjrdc	Running	true
2026-08-16T12:43:58.974674268Z	pcf	free5gc-free5gc-pcf-pcf-5699db94cc-vhxt6	Running	true
2026-08-16T12:43:58.974674268Z	udm	free5gc-free5gc-udm-udm-7fc7856685-qgwwg	Running	true
2026-08-16T12:43:58.974674268Z	udr	free5gc-free5gc-udr-udr-58755768c-nfw5h	Running	true
2026-08-16T12:43:58.974674268Z	open5glos	open5glos-b75498bb4-hkqrl	Running	true
2026-08-16T12:44:02.364197038Z	amf	free5gc-free5gc-amf-amf-85d9ffb9c6-7h9rx	Running	true
2026-08-16T12:44:02.364197038Z	amf	free5gc-free5gc-amf-amf-85d9ffb9c6-qvgxs	Running	true
2026-08-16T12:44:02.364197038Z	ausf	free5gc-free5gc-ausf-ausf-54c5798bd9-kjrdc	Running	true
2026-08-16T12:44:02.364197038Z	pcf	free5gc-free5gc-pcf-pcf-5699db94cc-vhxt6	Running	true
2026-08-16T12:44:02.364197038Z	udm	free5gc-free5gc-udm-udm-7fc7856685-qgwwg	Running	true
2026-08-16T12:44:02.364197038Z	udr	free5gc-free5gc-udr-udr-58755768c-nfw5h	Running	true
2026-08-16T12:44:02.364197038Z	open5glos	open5glos-b75498bb4-hkqrl	Running	true
2026-08-16T12:44:05.728798980Z	amf	free5gc-free5gc-amf-amf-85d9ffb9c6-7h9rx	Running	true
2026-08-16T12:44:05.728798980Z	amf	free5gc-free5gc-amf-amf-85d9ffb9c6-qvgxs	Running	true
2026-08-16T12:44:05.728798980Z	ausf	free5gc-free5gc-ausf-ausf-54c5798bd9-kjrdc	Running	true
2026-08-16T12:44:05.728798980Z	pcf	free5gc-free5gc-pcf-pcf-5699db94cc-vhxt6	Running	true
2026-08-16T12:44:05.728798980Z	udm	free5gc-free5gc-udm-udm-7fc7856685-qgwwg	Running	true
2026-08-16T12:44:05.728798980Z	udr	free5gc-free5gc-udr-udr-58755768c-nfw5h	Running	true
2026-08-16T12:44:05.728798980Z	open5glos	open5glos-b75498bb4-hkqrl	Running	true
2026-08-16T12:44:09.045889122Z	amf	free5gc-free5gc-amf-amf-85d9ffb9c6-7h9rx	Running	true
2026-08-16T12:44:09.045889122Z	amf	free5gc-free5gc-amf-amf-85d9ffb9c6-qvgxs	Running	true
2026-08-16T12:44:09.045889122Z	ausf	free5gc-free5gc-ausf-ausf-54c5798bd9-kjrdc	Running	true
2026-08-16T12:44:09.045889122Z	pcf	free5gc-free5gc-pcf-pcf-5699db94cc-vhxt6	Running	true
2026-08-16T12:44:09.045889122Z	udm	free5gc-free5gc-udm-udm-7fc7856685-qgwwg	Running	true
2026-08-16T12:44:09.045889122Z	udr	free5gc-free5gc-udr-udr-58755768c-nfw5h	Running	true
2026-08-16T12:44:09.045889122Z	open5glos	open5glos-b75498bb4-hkqrl	Running	true
2026-08-16T12:44:12.300509218Z	amf	free5gc-free5gc-amf-amf-85d9ffb9c6-7h9rx	Running	true
2026-08-16T12:44:12.300509218Z	amf	free5gc-free5gc-amf-amf-85d9ffb9c6-qvgxs	Running	true
2026-08-16T12:44:12.300509218Z	ausf	free5gc-free5gc-ausf-ausf-54c5798bd9-kjrdc	Running	true
2026-08-16T12:44:12.300509218Z	pcf	free5gc-free5gc-pcf-pcf-5699db94cc-vhxt6	Running	true
2026-08-16T12:44:12.300509218Z	udm	free5gc-free5gc-udm-udm-7fc7856685-qgwwg	Running	true
2026-08-16T12:44:12.300509218Z	udr	free5gc-free5gc-udr-udr-58755768c-nfw5h	Running	true
2026-08-16T12:44:12.300509218Z	open5glos	open5glos-b75498bb4-hkqrl	Running	true
2026-08-16T12:44:15.556541863Z	amf	free5gc-free5gc-amf-amf-85d9ffb9c6-7h9rx	Running	true
2026-08-16T12:44:15.556541863Z	amf	free5gc-free5gc-amf-amf-85d9ffb9c6-qvgxs	Running	true
2026-08-16T12:44:15.556541863Z	ausf	free5gc-free5gc-ausf-ausf-54c5798bd9-kjrdc	Running	true
2026-08-16T12:44:15.556541863Z	pcf	free5gc-free5gc-pcf-pcf-5699db94cc-vhxt6	Running	true
2026-08-16T12:44:15.556541863Z	udm	free5gc-free5gc-udm-udm-7fc7856685-qgwwg	Running	true
2026-08-16T12:44:15.556541863Z	udr	free5gc-free5gc-udr-udr-58755768c-nfw5h	Running	true
2026-08-16T12:44:15.556541863Z	open5glos	open5glos-b75498bb4-hkqrl	Running	true
2026-08-16T12:44:18.835299612Z	amf	free5gc-free5gc-amf-amf-85d9ffb9c6-7h9rx	Running	true
2026-08-16T12:44:18.835299612Z	amf	free5gc-free5gc-amf-amf-85d9ffb9c6-qvgxs	Running	true
2026-08-16T12:44:18.835299612Z	ausf	free5gc-free5gc-ausf-ausf-54c5798bd9-kjrdc	Running	true
2026-08-16T12:44:18.835299612Z	pcf	free5gc-free5gc-pcf-pcf-5699db94cc-vhxt6	Running	true
2026-08-16T12:44:18.835299612Z	udm	free5gc-free5gc-udm-udm-7fc7856685-qgwwg	Running	true
2026-08-16T12:44:18.835299612Z	udr	free5gc-free5gc-udr-udr-58755768c-nfw5h	Running	true
2026-08-16T12:44:18.835299612Z	open5glos	open5glos-b75498bb4-hkqrl	Running	true
2026-08-16T12:44:22.118509103Z	amf	free5gc-free5gc-amf-amf-85d9ffb9c6-7h9rx	Running	true
2026-08-16T12:44:22.118509103Z	amf	free5gc-free5gc-amf-amf-85d9ffb9c6-qvgxs	Running	true
2026-08-16T12:44:22.118509103Z	ausf	free5gc-free5gc-ausf-ausf-54c5798bd9-kjrdc	Running	true
2026-08-16T12:44:22.118509103Z	pcf	free5gc-free5gc-pcf-pcf-5699db94cc-vhxt6	Running	true
2026-08-16T12:44:22.118509103Z	udm	free5gc-free5gc-udm-udm-7fc7856685-qgwwg	Running	true
2026-08-16T12:44:22.118509103Z	udr	free5gc-free5gc-udr-udr-58755768c-nfw5h	Running	true
2026-08-16T12:44:22.118509103Z	open5glos	open5glos-b75498bb4-hkqrl	Running	true
2026-08-16T12:44:25.423644485Z	amf	free5gc-free5gc-amf-amf-85d9ffb9c6-7h9rx	Running	true
2026-08-16T12:44:25.423644485Z	amf	free5gc-free5gc-amf-amf-85d9ffb9c6-qvgxs	Running	true
2026-08-16T12:44:25.423644485Z	ausf	free5gc-free5gc-ausf-ausf-54c5798bd9-kjrdc	Running	true
2026-08-16T12:44:25.423644485Z	pcf	free5gc-free5gc-pcf-pcf-5699db94cc-vhxt6	Running	true
2026-08-16T12:44:25.423644485Z	udm	free5gc-free5gc-udm-udm-7fc7856685-qgwwg	Running	true
2026-08-16T12:44:25.423644485Z	udr	free5gc-free5gc-udr-udr-58755768c-nfw5h	Running	true
2026-08-16T12:44:25.423644485Z	open5glos	open5glos-b75498bb4-hkqrl	Running	true
2026-08-16T12:44:28.737234090Z	amf	free5gc-free5gc-amf-amf-85d9ffb9c6-7h9rx	Running	true
2026-08-16T12:44:28.737234090Z	amf	free5gc-free5gc-amf-amf-85d9ffb9c6-qvgxs	Running	true
2026-08-16T12:44:28.737234090Z	ausf	free5gc-free5gc-ausf-ausf-54c5798bd9-kjrdc	Running	true
2026-08-16T12:44:28.737234090Z	pcf	free5gc-free5gc-pcf-pcf-5699db94cc-vhxt6	Running	true
2026-08-16T12:44:28.737234090Z	udm	free5gc-free5gc-udm-udm-7fc7856685-qgwwg	Running	true
2026-08-16T12:44:28.737234090Z	udr	free5gc-free5gc-udr-udr-58755768c-nfw5h	Running	true
2026-08-16T12:44:28.737234090Z	open5glos	open5glos-b75498bb4-hkqrl	Running	true
2026-08-16T12:44:32.051366574Z	amf	free5gc-free5gc-amf-amf-85d9ffb9c6-7h9rx	Running	true
2026-08-16T12:44:32.051366574Z	amf	free5gc-free5gc-amf-amf-85d9ffb9c6-qvgxs	Running	true
2026-08-16T12:44:32.051366574Z	ausf	free5gc-free5gc-ausf-ausf-54c5798bd9-kjrdc	Running	true
2026-08-16T12:44:32.051366574Z	pcf	free5gc-free5gc-pcf-pcf-5699db94cc-vhxt6	Running	true
2026-08-16T12:44:32.051366574Z	udm	free5gc-free5gc-udm-udm-7fc7856685-qgwwg	Running	true
2026-08-16T12:44:32.051366574Z	udr	free5gc-free5gc-udr-udr-58755768c-nfw5h	Running	true
2026-08-16T12:44:32.051366574Z	open5glos	open5glos-b75498bb4-hkqrl	Running	true
2026-08-16T12:44:35.428765563Z	amf	free5gc-free5gc-amf-amf-85d9ffb9c6-7h9rx	Running	true
2026-08-16T12:44:35.428765563Z	amf	free5gc-free5gc-amf-amf-85d9ffb9c6-qvgxs	Running	true
2026-08-16T12:44:35.428765563Z	ausf	free5gc-free5gc-ausf-ausf-54c5798bd9-kjrdc	Running	true
2026-08-16T12:44:35.428765563Z	pcf	free5gc-free5gc-pcf-pcf-5699db94cc-vhxt6	Running	true
2026-08-16T12:44:35.428765563Z	udm	free5gc-free5gc-udm-udm-7fc7856685-qgwwg	Running	true
2026-08-16T12:44:35.428765563Z	udr	free5gc-free5gc-udr-udr-58755768c-nfw5h	Running	true
2026-08-16T12:44:35.428765563Z	open5glos	open5glos-b75498bb4-hkqrl	Running	true
2026-08-16T12:44:38.707668665Z	amf	free5gc-free5gc-amf-amf-85d9ffb9c6-7h9rx	Running	true
2026-08-16T12:44:38.707668665Z	amf	free5gc-free5gc-amf-amf-85d9ffb9c6-qvgxs	Running	true
2026-08-16T12:44:38.707668665Z	ausf	free5gc-free5gc-ausf-ausf-54c5798bd9-kjrdc	Running	true
2026-08-16T12:44:38.707668665Z	pcf	free5gc-free5gc-pcf-pcf-5699db94cc-vhxt6	Running	true
2026-08-16T12:44:38.707668665Z	udm	free5gc-free5gc-udm-udm-7fc7856685-qgwwg	Running	true
2026-08-16T12:44:38.707668665Z	udr	free5gc-free5gc-udr-udr-58755768c-nfw5h	Running	true
2026-08-16T12:44:38.707668665Z	open5glos	open5glos-b75498bb4-hkqrl	Running	true
2026-08-16T12:44:41.974046981Z	amf	free5gc-free5gc-amf-amf-85d9ffb9c6-7h9rx	Running	true
2026-08-16T12:44:41.974046981Z	amf	free5gc-free5gc-amf-amf-85d9ffb9c6-qvgxs	Running	true
2026-08-16T12:44:41.974046981Z	ausf	free5gc-free5gc-ausf-ausf-54c5798bd9-kjrdc	Running	true
2026-08-16T12:44:41.974046981Z	pcf	free5gc-free5gc-pcf-pcf-5699db94cc-vhxt6	Running	true
2026-08-16T12:44:41.974046981Z	udm	free5gc-free5gc-udm-udm-7fc7856685-qgwwg	Running	true
2026-08-16T12:44:41.974046981Z	udr	free5gc-free5gc-udr-udr-58755768c-nfw5h	Running	true
2026-08-16T12:44:41.974046981Z	open5glos	open5glos-b75498bb4-hkqrl	Running	true
2026-08-16T12:44:45.467014859Z	amf	free5gc-free5gc-amf-amf-85d9ffb9c6-7h9rx	Running	true
2026-08-16T12:44:45.467014859Z	amf	free5gc-free5gc-amf-amf-85d9ffb9c6-qvgxs	Running	true
2026-08-16T12:44:45.467014859Z	ausf	free5gc-free5gc-ausf-ausf-54c5798bd9-kjrdc	Running	true
2026-08-16T12:44:45.467014859Z	pcf	free5gc-free5gc-pcf-pcf-5699db94cc-vhxt6	Running	true
2026-08-16T12:44:45.467014859Z	udm	free5gc-free5gc-udm-udm-7fc7856685-qgwwg	Running	true
2026-08-16T12:44:45.467014859Z	udr	free5gc-free5gc-udr-udr-58755768c-nfw5h	Running	true
2026-08-16T12:44:45.467014859Z	open5glos	open5glos-b75498bb4-hkqrl	Running	true
2026-08-16T12:44:49.041326114Z	amf	free5gc-free5gc-amf-amf-85d9ffb9c6-7h9rx	Running	true
2026-08-16T12:44:49.041326114Z	amf	free5gc-free5gc-amf-amf-85d9ffb9c6-qvgxs	Running	true
2026-08-16T12:44:49.041326114Z	ausf	free5gc-free5gc-ausf-ausf-54c5798bd9-kjrdc	Running	true
2026-08-16T12:44:49.041326114Z	pcf	free5gc-free5gc-pcf-pcf-5699db94cc-vhxt6	Running	true
2026-08-16T12:44:49.041326114Z	udm	free5gc-free5gc-udm-udm-7fc7856685-qgwwg	Running	true
2026-08-16T12:44:49.041326114Z	udr	free5gc-free5gc-udr-udr-58755768c-nfw5h	Running	true
2026-08-16T12:44:49.041326114Z	open5glos	open5glos-b75498bb4-hkqrl	Running	true
2026-08-16T12:44:52.302194886Z	amf	free5gc-free5gc-amf-amf-85d9ffb9c6-7h9rx	Running	true
2026-08-16T12:44:52.302194886Z	amf	free5gc-free5gc-amf-amf-85d9ffb9c6-qvgxs	Running	true
2026-08-16T12:44:52.302194886Z	ausf	free5gc-free5gc-ausf-ausf-54c5798bd9-kjrdc	Running	true
2026-08-16T12:44:52.302194886Z	pcf	free5gc-free5gc-pcf-pcf-5699db94cc-vhxt6	Running	true
2026-08-16T12:44:52.302194886Z	udm	free5gc-free5gc-udm-udm-7fc7856685-qgwwg	Running	true
2026-08-16T12:44:52.302194886Z	udr	free5gc-free5gc-udr-udr-58755768c-nfw5h	Running	true
2026-08-16T12:44:52.302194886Z	open5glos	open5glos-b75498bb4-hkqrl	Running	true
2026-08-16T12:44:55.692996153Z	amf	free5gc-free5gc-amf-amf-85d9ffb9c6-7h9rx	Running	true
2026-08-16T12:44:55.692996153Z	amf	free5gc-free5gc-amf-amf-85d9ffb9c6-qvgxs	Running	true
2026-08-16T12:44:55.692996153Z	ausf	free5gc-free5gc-ausf-ausf-54c5798bd9-kjrdc	Running	true
2026-08-16T12:44:55.692996153Z	pcf	free5gc-free5gc-pcf-pcf-5699db94cc-vhxt6	Running	true
2026-08-16T12:44:55.692996153Z	udm	free5gc-free5gc-udm-udm-7fc7856685-qgwwg	Running	true
2026-08-16T12:44:55.692996153Z	udr	free5gc-free5gc-udr-udr-58755768c-nfw5h	Running	true
2026-08-16T12:44:55.692996153Z	open5glos	open5glos-b75498bb4-hkqrl	Running	true
2026-08-16T12:44:59.016997150Z	amf	free5gc-free5gc-amf-amf-85d9ffb9c6-7h9rx	Running	true
2026-08-16T12:44:59.016997150Z	amf	free5gc-free5gc-amf-amf-85d9ffb9c6-qvgxs	Running	true
2026-08-16T12:44:59.016997150Z	ausf	free5gc-free5gc-ausf-ausf-54c5798bd9-kjrdc	Running	true
2026-08-16T12:44:59.016997150Z	pcf	free5gc-free5gc-pcf-pcf-5699db94cc-vhxt6	Running	true
2026-08-16T12:44:59.016997150Z	udm	free5gc-free5gc-udm-udm-7fc7856685-qgwwg	Running	true
2026-08-16T12:44:59.016997150Z	udr	free5gc-free5gc-udr-udr-58755768c-nfw5h	Running	true
2026-08-16T12:44:59.016997150Z	open5glos	open5glos-b75498bb4-hkqrl	Running	true
2026-08-16T12:45:02.329935882Z	amf	free5gc-free5gc-amf-amf-85d9ffb9c6-7h9rx	Running	true
2026-08-16T12:45:02.329935882Z	amf	free5gc-free5gc-amf-amf-85d9ffb9c6-qvgxs	Running	true
2026-08-16T12:45:02.329935882Z	ausf	free5gc-free5gc-ausf-ausf-54c5798bd9-kjrdc	Running	true
2026-08-16T12:45:02.329935882Z	pcf	free5gc-free5gc-pcf-pcf-5699db94cc-vhxt6	Running	true
2026-08-16T12:45:02.329935882Z	udm	free5gc-free5gc-udm-udm-7fc7856685-qgwwg	Running	true
2026-08-16T12:45:02.329935882Z	udr	free5gc-free5gc-udr-udr-58755768c-nfw5h	Running	true
2026-08-16T12:45:02.329935882Z	open5glos	open5glos-b75498bb4-hkqrl	Running	true
2026-08-16T12:45:05.682877724Z	amf	free5gc-free5gc-amf-amf-85d9ffb9c6-7h9rx	Running	true
2026-08-16T12:45:05.682877724Z	amf	free5gc-free5gc-amf-amf-85d9ffb9c6-qvgxs	Running	true
2026-08-16T12:45:05.682877724Z	ausf	free5gc-free5gc-ausf-ausf-54c5798bd9-kjrdc	Running	true
2026-08-16T12:45:05.682877724Z	pcf	free5gc-free5gc-pcf-pcf-5699db94cc-vhxt6	Running	true
2026-08-16T12:45:05.682877724Z	udm	free5gc-free5gc-udm-udm-7fc7856685-qgwwg	Running	true
2026-08-16T12:45:05.682877724Z	udr	free5gc-free5gc-udr-udr-58755768c-nfw5h	Running	true
2026-08-16T12:45:05.682877724Z	open5glos	open5glos-b75498bb4-hkqrl	Running	true
2026-08-16T12:45:09.015950925Z	amf	free5gc-free5gc-amf-amf-85d9ffb9c6-7h9rx	Running	true
2026-08-16T12:45:09.015950925Z	amf	free5gc-free5gc-amf-amf-85d9ffb9c6-qvgxs	Running	true
2026-08-16T12:45:09.015950925Z	ausf	free5gc-free5gc-ausf-ausf-54c5798bd9-kjrdc	Running	true
2026-08-16T12:45:09.015950925Z	pcf	free5gc-free5gc-pcf-pcf-5699db94cc-vhxt6	Running	true
2026-08-16T12:45:09.015950925Z	udm	free5gc-free5gc-udm-udm-7fc7856685-qgwwg	Running	true
2026-08-16T12:45:09.015950925Z	udr	free5gc-free5gc-udr-udr-58755768c-nfw5h	Running	true
2026-08-16T12:45:09.015950925Z	open5glos	open5glos-b75498bb4-hkqrl	Running	true
2026-08-16T12:45:12.313052500Z	amf	free5gc-free5gc-amf-amf-85d9ffb9c6-7h9rx	Running	true
2026-08-16T12:45:12.313052500Z	amf	free5gc-free5gc-amf-amf-85d9ffb9c6-qvgxs	Running	true
2026-08-16T12:45:12.313052500Z	ausf	free5gc-free5gc-ausf-ausf-54c5798bd9-kjrdc	Running	true
2026-08-16T12:45:12.313052500Z	pcf	free5gc-free5gc-pcf-pcf-5699db94cc-vhxt6	Running	true
2026-08-16T12:45:12.313052500Z	udm	free5gc-free5gc-udm-udm-7fc7856685-qgwwg	Running	true
2026-08-16T12:45:12.313052500Z	udr	free5gc-free5gc-udr-udr-58755768c-nfw5h	Running	true
2026-08-16T12:45:12.313052500Z	open5glos	open5glos-b75498bb4-hkqrl	Running	true
2026-08-16T12:45:15.559010597Z	amf	free5gc-free5gc-amf-amf-85d9ffb9c6-7h9rx	Running	true
2026-08-16T12:45:15.559010597Z	amf	free5gc-free5gc-amf-amf-85d9ffb9c6-qvgxs	Running	true
2026-08-16T12:45:15.559010597Z	ausf	free5gc-free5gc-ausf-ausf-54c5798bd9-kjrdc	Running	true
2026-08-16T12:45:15.559010597Z	pcf	free5gc-free5gc-pcf-pcf-5699db94cc-vhxt6	Running	true
2026-08-16T12:45:15.559010597Z	udm	free5gc-free5gc-udm-udm-7fc7856685-qgwwg	Running	true
2026-08-16T12:45:15.559010597Z	udr	free5gc-free5gc-udr-udr-58755768c-nfw5h	Running	true
2026-08-16T12:45:15.559010597Z	open5glos	open5glos-b75498bb4-hkqrl	Running	true
2026-08-16T12:45:18.995412131Z	amf	free5gc-free5gc-amf-amf-85d9ffb9c6-7h9rx	Running	true
2026-08-16T12:45:18.995412131Z	amf	free5gc-free5gc-amf-amf-85d9ffb9c6-qvgxs	Running	true
2026-08-16T12:45:18.995412131Z	ausf	free5gc-free5gc-ausf-ausf-54c5798bd9-kjrdc	Running	true
2026-08-16T12:45:18.995412131Z	pcf	free5gc-free5gc-pcf-pcf-5699db94cc-vhxt6	Running	true
2026-08-16T12:45:18.995412131Z	udm	free5gc-free5gc-udm-udm-7fc7856685-qgwwg	Running	true
2026-08-16T12:45:18.995412131Z	udr	free5gc-free5gc-udr-udr-58755768c-nfw5h	Running	true
2026-08-16T12:45:18.995412131Z	open5glos	open5glos-b75498bb4-hkqrl	Running	true
2026-08-16T12:45:22.318163044Z	amf	free5gc-free5gc-amf-amf-85d9ffb9c6-7h9rx	Running	true
2026-08-16T12:45:22.318163044Z	amf	free5gc-free5gc-amf-amf-85d9ffb9c6-qvgxs	Running	true
2026-08-16T12:45:22.318163044Z	ausf	free5gc-free5gc-ausf-ausf-54c5798bd9-kjrdc	Running	true
2026-08-16T12:45:22.318163044Z	pcf	free5gc-free5gc-pcf-pcf-5699db94cc-vhxt6	Running	true
2026-08-16T12:45:22.318163044Z	udm	free5gc-free5gc-udm-udm-7fc7856685-qgwwg	Running	true
2026-08-16T12:45:22.318163044Z	udr	free5gc-free5gc-udr-udr-58755768c-nfw5h	Running	true
2026-08-16T12:45:22.318163044Z	open5glos	open5glos-b75498bb4-hkqrl	Running	true
2026-08-16T12:45:25.570148969Z	amf	free5gc-free5gc-amf-amf-85d9ffb9c6-7h9rx	Running	true
2026-08-16T12:45:25.570148969Z	amf	free5gc-free5gc-amf-amf-85d9ffb9c6-qvgxs	Running	true
2026-08-16T12:45:25.570148969Z	ausf	free5gc-free5gc-ausf-ausf-54c5798bd9-kjrdc	Running	true
2026-08-16T12:45:25.570148969Z	pcf	free5gc-free5gc-pcf-pcf-5699db94cc-vhxt6	Running	true
2026-08-16T12:45:25.570148969Z	udm	free5gc-free5gc-udm-udm-7fc7856685-qgwwg	Running	true
2026-08-16T12:45:25.570148969Z	udr	free5gc-free5gc-udr-udr-58755768c-nfw5h	Running	true
2026-08-16T12:45:25.570148969Z	open5glos	open5glos-b75498bb4-hkqrl	Running	true
2026-08-16T12:45:29.035189989Z	amf	free5gc-free5gc-amf-amf-85d9ffb9c6-7h9rx	Running	true
2026-08-16T12:45:29.035189989Z	amf	free5gc-free5gc-amf-amf-85d9ffb9c6-qvgxs	Running	true
2026-08-16T12:45:29.035189989Z	ausf	free5gc-free5gc-ausf-ausf-54c5798bd9-kjrdc	Running	true
2026-08-16T12:45:29.035189989Z	pcf	free5gc-free5gc-pcf-pcf-5699db94cc-vhxt6	Running	true
2026-08-16T12:45:29.035189989Z	udm	free5gc-free5gc-udm-udm-7fc7856685-qgwwg	Running	true
2026-08-16T12:45:29.035189989Z	udr	free5gc-free5gc-udr-udr-58755768c-nfw5h	Running	true
2026-08-16T12:45:29.035189989Z	open5glos	open5glos-b75498bb4-hkqrl	Running	true
2026-08-16T12:45:32.413664889Z	amf	free5gc-free5gc-amf-amf-85d9ffb9c6-7h9rx	Running	true
2026-08-16T12:45:32.413664889Z	amf	free5gc-free5gc-amf-amf-85d9ffb9c6-qvgxs	Running	true
2026-08-16T12:45:32.413664889Z	ausf	free5gc-free5gc-ausf-ausf-54c5798bd9-kjrdc	Running	true
2026-08-16T12:45:32.413664889Z	pcf	free5gc-free5gc-pcf-pcf-5699db94cc-vhxt6	Running	true
2026-08-16T12:45:32.413664889Z	udm	free5gc-free5gc-udm-udm-7fc7856685-qgwwg	Running	true
2026-08-16T12:45:32.413664889Z	udr	free5gc-free5gc-udr-udr-58755768c-nfw5h	Running	true
2026-08-16T12:45:32.413664889Z	open5glos	open5glos-b75498bb4-hkqrl	Running	true
2026-08-16T12:45:35.662409880Z	amf	free5gc-free5gc-amf-amf-85d9ffb9c6-7h9rx	Running	true
2026-08-16T12:45:35.662409880Z	amf	free5gc-free5gc-amf-amf-85d9ffb9c6-qvgxs	Running	true
2026-08-16T12:45:35.662409880Z	ausf	free5gc-free5gc-ausf-ausf-54c5798bd9-kjrdc	Running	true
2026-08-16T12:45:35.662409880Z	pcf	free5gc-free5gc-pcf-pcf-5699db94cc-vhxt6	Running	true
2026-08-16T12:45:35.662409880Z	udm	free5gc-free5gc-udm-udm-7fc7856685-qgwwg	Running	true
2026-08-16T12:45:35.662409880Z	udr	free5gc-free5gc-udr-udr-58755768c-nfw5h	Running	true
2026-08-16T12:45:35.662409880Z	open5glos	open5glos-b75498bb4-hkqrl	Running	true
2026-08-16T12:45:39.182378369Z	amf	free5gc-free5gc-amf-amf-85d9ffb9c6-7h9rx	Running	true
2026-08-16T12:45:39.182378369Z	amf	free5gc-free5gc-amf-amf-85d9ffb9c6-qvgxs	Running	true
2026-08-16T12:45:39.182378369Z	ausf	free5gc-free5gc-ausf-ausf-54c5798bd9-kjrdc	Running	true
2026-08-16T12:45:39.182378369Z	pcf	free5gc-free5gc-pcf-pcf-5699db94cc-vhxt6	Running	true
2026-08-16T12:45:39.182378369Z	udm	free5gc-free5gc-udm-udm-7fc7856685-qgwwg	Running	true
2026-08-16T12:45:39.182378369Z	udr	free5gc-free5gc-udr-udr-58755768c-nfw5h	Running	true
2026-08-16T12:45:39.182378369Z	open5glos	open5glos-b75498bb4-hkqrl	Running	true
2026-08-16T12:45:42.472087992Z	amf	free5gc-free5gc-amf-amf-85d9ffb9c6-7h9rx	Running	true
2026-08-16T12:45:42.472087992Z	amf	free5gc-free5gc-amf-amf-85d9ffb9c6-qvgxs	Running	true
2026-08-16T12:45:42.472087992Z	ausf	free5gc-free5gc-ausf-ausf-54c5798bd9-kjrdc	Running	true
2026-08-16T12:45:42.472087992Z	pcf	free5gc-free5gc-pcf-pcf-5699db94cc-vhxt6	Running	true
2026-08-16T12:45:42.472087992Z	udm	free5gc-free5gc-udm-udm-7fc7856685-qgwwg	Running	true
2026-08-16T12:45:42.472087992Z	udr	free5gc-free5gc-udr-udr-58755768c-nfw5h	Running	true
2026-08-16T12:45:42.472087992Z	open5glos	open5glos-b75498bb4-hkqrl	Running	true
2026-08-16T12:45:45.771989744Z	amf	free5gc-free5gc-amf-amf-85d9ffb9c6-7h9rx	Running	true
2026-08-16T12:45:45.771989744Z	amf	free5gc-free5gc-amf-amf-85d9ffb9c6-qvgxs	Running	true
2026-08-16T12:45:45.771989744Z	ausf	free5gc-free5gc-ausf-ausf-54c5798bd9-kjrdc	Running	true
2026-08-16T12:45:45.771989744Z	pcf	free5gc-free5gc-pcf-pcf-5699db94cc-vhxt6	Running	true
2026-08-16T12:45:45.771989744Z	udm	free5gc-free5gc-udm-udm-7fc7856685-qgwwg	Running	true
2026-08-16T12:45:45.771989744Z	udr	free5gc-free5gc-udr-udr-58755768c-nfw5h	Running	true
2026-08-16T12:45:45.771989744Z	open5glos	open5glos-b75498bb4-hkqrl	Running	true
2026-08-16T12:45:49.054761353Z	amf	free5gc-free5gc-amf-amf-85d9ffb9c6-7h9rx	Running	true
2026-08-16T12:45:49.054761353Z	amf	free5gc-free5gc-amf-amf-85d9ffb9c6-qvgxs	Running	true
2026-08-16T12:45:49.054761353Z	ausf	free5gc-free5gc-ausf-ausf-54c5798bd9-kjrdc	Running	true
2026-08-16T12:45:49.054761353Z	pcf	free5gc-free5gc-pcf-pcf-5699db94cc-vhxt6	Running	true
2026-08-16T12:45:49.054761353Z	udm	free5gc-free5gc-udm-udm-7fc7856685-qgwwg	Running	true
2026-08-16T12:45:49.054761353Z	udr	free5gc-free5gc-udr-udr-58755768c-nfw5h	Running	true
2026-08-16T12:45:49.054761353Z	open5glos	open5glos-b75498bb4-hkqrl	Running	true
2026-08-16T12:45:52.585567529Z	amf	free5gc-free5gc-amf-amf-85d9ffb9c6-7h9rx	Running	true
2026-08-16T12:45:52.585567529Z	amf	free5gc-free5gc-amf-amf-85d9ffb9c6-qvgxs	Running	true
2026-08-16T12:45:52.585567529Z	ausf	free5gc-free5gc-ausf-ausf-54c5798bd9-kjrdc	Running	true
2026-08-16T12:45:52.585567529Z	pcf	free5gc-free5gc-pcf-pcf-5699db94cc-vhxt6	Running	true
2026-08-16T12:45:52.585567529Z	udm	free5gc-free5gc-udm-udm-7fc7856685-qgwwg	Running	true
2026-08-16T12:45:52.585567529Z	udr	free5gc-free5gc-udr-udr-58755768c-nfw5h	Running	true
2026-08-16T12:45:52.585567529Z	open5glos	open5glos-b75498bb4-hkqrl	Running	true
2026-08-16T12:45:55.865847458Z	amf	free5gc-free5gc-amf-amf-85d9ffb9c6-7h9rx	Running	true
2026-08-16T12:45:55.865847458Z	amf	free5gc-free5gc-amf-amf-85d9ffb9c6-qvgxs	Running	true
2026-08-16T12:45:55.865847458Z	ausf	free5gc-free5gc-ausf-ausf-54c5798bd9-kjrdc	Running	true
2026-08-16T12:45:55.865847458Z	pcf	free5gc-free5gc-pcf-pcf-5699db94cc-vhxt6	Running	true
2026-08-16T12:45:55.865847458Z	udm	free5gc-free5gc-udm-udm-7fc7856685-qgwwg	Running	true
2026-08-16T12:45:55.865847458Z	udr	free5gc-free5gc-udr-udr-58755768c-nfw5h	Running	true
2026-08-16T12:45:55.865847458Z	open5glos	open5glos-b75498bb4-hkqrl	Running	true
2026-08-16T12:45:59.180652358Z	amf	free5gc-free5gc-amf-amf-85d9ffb9c6-7h9rx	Running	true
2026-08-16T12:45:59.180652358Z	amf	free5gc-free5gc-amf-amf-85d9ffb9c6-qvgxs	Running	true
2026-08-16T12:45:59.180652358Z	ausf	free5gc-free5gc-ausf-ausf-54c5798bd9-kjrdc	Running	true
2026-08-16T12:45:59.180652358Z	pcf	free5gc-free5gc-pcf-pcf-5699db94cc-vhxt6	Running	true
2026-08-16T12:45:59.180652358Z	udm	free5gc-free5gc-udm-udm-7fc7856685-qgwwg	Running	true
2026-08-16T12:45:59.180652358Z	udr	free5gc-free5gc-udr-udr-58755768c-nfw5h	Running	true
2026-08-16T12:45:59.180652358Z	open5glos	open5glos-b75498bb4-hkqrl	Running	true
2026-08-16T12:46:02.562699788Z	amf	free5gc-free5gc-amf-amf-85d9ffb9c6-7h9rx	Running	true
2026-08-16T12:46:02.562699788Z	amf	free5gc-free5gc-amf-amf-85d9ffb9c6-qvgxs	Running	true
2026-08-16T12:46:02.562699788Z	ausf	free5gc-free5gc-ausf-ausf-54c5798bd9-kjrdc	Running	true
2026-08-16T12:46:02.562699788Z	pcf	free5gc-free5gc-pcf-pcf-5699db94cc-vhxt6	Running	true
2026-08-16T12:46:02.562699788Z	udm	free5gc-free5gc-udm-udm-7fc7856685-qgwwg	Running	true
2026-08-16T12:46:02.562699788Z	udr	free5gc-free5gc-udr-udr-58755768c-nfw5h	Running	true
2026-08-16T12:46:02.562699788Z	open5glos	open5glos-b75498bb4-hkqrl	Running	true
2026-08-16T12:46:05.882736157Z	amf	free5gc-free5gc-amf-amf-85d9ffb9c6-7h9rx	Running	true
2026-08-16T12:46:05.882736157Z	amf	free5gc-free5gc-amf-amf-85d9ffb9c6-qvgxs	Running	true
2026-08-16T12:46:05.882736157Z	ausf	free5gc-free5gc-ausf-ausf-54c5798bd9-kjrdc	Running	true
2026-08-16T12:46:05.882736157Z	pcf	free5gc-free5gc-pcf-pcf-5699db94cc-vhxt6	Running	true
2026-08-16T12:46:05.882736157Z	udm	free5gc-free5gc-udm-udm-7fc7856685-qgwwg	Running	true
2026-08-16T12:46:05.882736157Z	udr	free5gc-free5gc-udr-udr-58755768c-nfw5h	Running	true
2026-08-16T12:46:05.882736157Z	open5glos	open5glos-b75498bb4-hkqrl	Running	true
2026-08-16T12:46:09.206320640Z	amf	free5gc-free5gc-amf-amf-85d9ffb9c6-7h9rx	Running	true
2026-08-16T12:46:09.206320640Z	amf	free5gc-free5gc-amf-amf-85d9ffb9c6-qvgxs	Running	true
2026-08-16T12:46:09.206320640Z	ausf	free5gc-free5gc-ausf-ausf-54c5798bd9-kjrdc	Running	true
2026-08-16T12:46:09.206320640Z	pcf	free5gc-free5gc-pcf-pcf-5699db94cc-vhxt6	Running	true
2026-08-16T12:46:09.206320640Z	udm	free5gc-free5gc-udm-udm-7fc7856685-qgwwg	Running	true
2026-08-16T12:46:09.206320640Z	udr	free5gc-free5gc-udr-udr-58755768c-nfw5h	Running	true
2026-08-16T12:46:09.206320640Z	open5glos	open5glos-b75498bb4-hkqrl	Running	true
2026-08-16T12:46:12.629319042Z	amf	free5gc-free5gc-amf-amf-85d9ffb9c6-7h9rx	Running	true
2026-08-16T12:46:12.629319042Z	amf	free5gc-free5gc-amf-amf-85d9ffb9c6-qvgxs	Running	true
2026-08-16T12:46:12.629319042Z	ausf	free5gc-free5gc-ausf-ausf-54c5798bd9-kjrdc	Running	true
2026-08-16T12:46:12.629319042Z	pcf	free5gc-free5gc-pcf-pcf-5699db94cc-vhxt6	Running	true
2026-08-16T12:46:12.629319042Z	udm	free5gc-free5gc-udm-udm-7fc7856685-qgwwg	Running	true
2026-08-16T12:46:12.629319042Z	udr	free5gc-free5gc-udr-udr-58755768c-nfw5h	Running	true
2026-08-16T12:46:12.629319042Z	open5glos	open5glos-b75498bb4-hkqrl	Running	true
2026-08-16T12:46:15.917520587Z	amf	free5gc-free5gc-amf-amf-85d9ffb9c6-7h9rx	Running	true
2026-08-16T12:46:15.917520587Z	amf	free5gc-free5gc-amf-amf-85d9ffb9c6-qvgxs	Running	true
2026-08-16T12:46:15.917520587Z	ausf	free5gc-free5gc-ausf-ausf-54c5798bd9-kjrdc	Running	true
2026-08-16T12:46:15.917520587Z	pcf	free5gc-free5gc-pcf-pcf-5699db94cc-vhxt6	Running	true
2026-08-16T12:46:15.917520587Z	udm	free5gc-free5gc-udm-udm-7fc7856685-qgwwg	Running	true
2026-08-16T12:46:15.917520587Z	udr	free5gc-free5gc-udr-udr-58755768c-nfw5h	Running	true
2026-08-16T12:46:15.917520587Z	open5glos	open5glos-b75498bb4-hkqrl	Running	true
2026-08-16T12:46:19.254145925Z	amf	free5gc-free5gc-amf-amf-85d9ffb9c6-7h9rx	Running	true
2026-08-16T12:46:19.254145925Z	amf	free5gc-free5gc-amf-amf-85d9ffb9c6-qvgxs	Running	true
2026-08-16T12:46:19.254145925Z	ausf	free5gc-free5gc-ausf-ausf-54c5798bd9-kjrdc	Running	true
2026-08-16T12:46:19.254145925Z	pcf	free5gc-free5gc-pcf-pcf-5699db94cc-vhxt6	Running	true
2026-08-16T12:46:19.254145925Z	udm	free5gc-free5gc-udm-udm-7fc7856685-qgwwg	Running	true
2026-08-16T12:46:19.254145925Z	udr	free5gc-free5gc-udr-udr-58755768c-nfw5h	Running	true
2026-08-16T12:46:19.254145925Z	open5glos	open5glos-b75498bb4-hkqrl	Running	true
2026-08-16T12:46:22.587318337Z	amf	free5gc-free5gc-amf-amf-85d9ffb9c6-7h9rx	Running	true
2026-08-16T12:46:22.587318337Z	amf	free5gc-free5gc-amf-amf-85d9ffb9c6-qvgxs	Running	true
2026-08-16T12:46:22.587318337Z	ausf	free5gc-free5gc-ausf-ausf-54c5798bd9-kjrdc	Running	true
2026-08-16T12:46:22.587318337Z	pcf	free5gc-free5gc-pcf-pcf-5699db94cc-vhxt6	Running	true
2026-08-16T12:46:22.587318337Z	udm	free5gc-free5gc-udm-udm-7fc7856685-qgwwg	Running	true
2026-08-16T12:46:22.587318337Z	udr	free5gc-free5gc-udr-udr-58755768c-nfw5h	Running	true
2026-08-16T12:46:22.587318337Z	open5glos	open5glos-b75498bb4-hkqrl	Running	true
2026-08-16T12:46:25.989291223Z	amf	free5gc-free5gc-amf-amf-85d9ffb9c6-7h9rx	Running	true
2026-08-16T12:46:25.989291223Z	amf	free5gc-free5gc-amf-amf-85d9ffb9c6-qvgxs	Running	true
2026-08-16T12:46:25.989291223Z	ausf	free5gc-free5gc-ausf-ausf-54c5798bd9-kjrdc	Running	true
2026-08-16T12:46:25.989291223Z	pcf	free5gc-free5gc-pcf-pcf-5699db94cc-vhxt6	Running	true
2026-08-16T12:46:25.989291223Z	udm	free5gc-free5gc-udm-udm-7fc7856685-qgwwg	Running	true
2026-08-16T12:46:25.989291223Z	udr	free5gc-free5gc-udr-udr-58755768c-nfw5h	Running	true
2026-08-16T12:46:25.989291223Z	open5glos	open5glos-b75498bb4-hkqrl	Running	true
2026-08-16T12:46:29.291305839Z	amf	free5gc-free5gc-amf-amf-85d9ffb9c6-7h9rx	Running	true
2026-08-16T12:46:29.291305839Z	amf	free5gc-free5gc-amf-amf-85d9ffb9c6-qvgxs	Running	true
2026-08-16T12:46:29.291305839Z	ausf	free5gc-free5gc-ausf-ausf-54c5798bd9-kjrdc	Running	true
2026-08-16T12:46:29.291305839Z	pcf	free5gc-free5gc-pcf-pcf-5699db94cc-vhxt6	Running	true
2026-08-16T12:46:29.291305839Z	udm	free5gc-free5gc-udm-udm-7fc7856685-qgwwg	Running	true
2026-08-16T12:46:29.291305839Z	udr	free5gc-free5gc-udr-udr-58755768c-nfw5h	Running	true
2026-08-16T12:46:29.291305839Z	open5glos	open5glos-b75498bb4-hkqrl	Running	true
2026-08-16T12:46:32.566769076Z	amf	free5gc-free5gc-amf-amf-85d9ffb9c6-7h9rx	Running	true
2026-08-16T12:46:32.566769076Z	amf	free5gc-free5gc-amf-amf-85d9ffb9c6-qvgxs	Running	true
2026-08-16T12:46:32.566769076Z	ausf	free5gc-free5gc-ausf-ausf-54c5798bd9-kjrdc	Running	true
2026-08-16T12:46:32.566769076Z	pcf	free5gc-free5gc-pcf-pcf-5699db94cc-vhxt6	Running	true
2026-08-16T12:46:32.566769076Z	udm	free5gc-free5gc-udm-udm-7fc7856685-qgwwg	Running	true
2026-08-16T12:46:32.566769076Z	udr	free5gc-free5gc-udr-udr-58755768c-nfw5h	Running	true
2026-08-16T12:46:32.566769076Z	open5glos	open5glos-b75498bb4-hkqrl	Running	true
2026-08-16T12:46:36.150738533Z	amf	free5gc-free5gc-amf-amf-85d9ffb9c6-7h9rx	Running	true
2026-08-16T12:46:36.150738533Z	amf	free5gc-free5gc-amf-amf-85d9ffb9c6-qvgxs	Running	true
2026-08-16T12:46:36.150738533Z	ausf	free5gc-free5gc-ausf-ausf-54c5798bd9-kjrdc	Running	true
2026-08-16T12:46:36.150738533Z	pcf	free5gc-free5gc-pcf-pcf-5699db94cc-vhxt6	Running	true
2026-08-16T12:46:36.150738533Z	udm	free5gc-free5gc-udm-udm-7fc7856685-qgwwg	Running	true
2026-08-16T12:46:36.150738533Z	udr	free5gc-free5gc-udr-udr-58755768c-nfw5h	Running	true
2026-08-16T12:46:36.150738533Z	open5glos	open5glos-b75498bb4-hkqrl	Running	true
2026-08-16T12:46:39.525216610Z	amf	free5gc-free5gc-amf-amf-85d9ffb9c6-7h9rx	Running	true
2026-08-16T12:46:39.525216610Z	amf	free5gc-free5gc-amf-amf-85d9ffb9c6-qvgxs	Running	true
2026-08-16T12:46:39.525216610Z	ausf	free5gc-free5gc-ausf-ausf-54c5798bd9-kjrdc	Running	true
2026-08-16T12:46:39.525216610Z	pcf	free5gc-free5gc-pcf-pcf-5699db94cc-vhxt6	Running	true
2026-08-16T12:46:39.525216610Z	udm	free5gc-free5gc-udm-udm-7fc7856685-qgwwg	Running	true
2026-08-16T12:46:39.525216610Z	udr	free5gc-free5gc-udr-udr-58755768c-nfw5h	Running	true
2026-08-16T12:46:39.525216610Z	open5glos	open5glos-b75498bb4-hkqrl	Running	true
2026-08-16T12:46:42.790639401Z	amf	free5gc-free5gc-amf-amf-85d9ffb9c6-7h9rx	Running	true
2026-08-16T12:46:42.790639401Z	amf	free5gc-free5gc-amf-amf-85d9ffb9c6-qvgxs	Running	true
2026-08-16T12:46:42.790639401Z	ausf	free5gc-free5gc-ausf-ausf-54c5798bd9-kjrdc	Running	true
2026-08-16T12:46:42.790639401Z	pcf	free5gc-free5gc-pcf-pcf-5699db94cc-vhxt6	Running	true
2026-08-16T12:46:42.790639401Z	udm	free5gc-free5gc-udm-udm-7fc7856685-qgwwg	Running	true
2026-08-16T12:46:42.790639401Z	udr	free5gc-free5gc-udr-udr-58755768c-nfw5h	Running	true
2026-08-16T12:46:42.790639401Z	open5glos	open5glos-b75498bb4-hkqrl	Running	true
2026-08-16T12:46:46.217741918Z	amf	free5gc-free5gc-amf-amf-85d9ffb9c6-7h9rx	Running	true
2026-08-16T12:46:46.217741918Z	amf	free5gc-free5gc-amf-amf-85d9ffb9c6-qvgxs	Running	true
2026-08-16T12:46:46.217741918Z	ausf	free5gc-free5gc-ausf-ausf-54c5798bd9-kjrdc	Running	true
2026-08-16T12:46:46.217741918Z	pcf	free5gc-free5gc-pcf-pcf-5699db94cc-vhxt6	Running	true
2026-08-16T12:46:46.217741918Z	udm	free5gc-free5gc-udm-udm-7fc7856685-qgwwg	Running	true
2026-08-16T12:46:46.217741918Z	udr	free5gc-free5gc-udr-udr-58755768c-nfw5h	Running	true
2026-08-16T12:46:46.217741918Z	open5glos	open5glos-b75498bb4-hkqrl	Running	true
2026-08-16T12:46:49.492321569Z	amf	free5gc-free5gc-amf-amf-85d9ffb9c6-7h9rx	Running	true
2026-08-16T12:46:49.492321569Z	amf	free5gc-free5gc-amf-amf-85d9ffb9c6-qvgxs	Running	true
2026-08-16T12:46:49.492321569Z	ausf	free5gc-free5gc-ausf-ausf-54c5798bd9-kjrdc	Running	true
2026-08-16T12:46:49.492321569Z	pcf	free5gc-free5gc-pcf-pcf-5699db94cc-vhxt6	Running	true
2026-08-16T12:46:49.492321569Z	udm	free5gc-free5gc-udm-udm-7fc7856685-qgwwg	Running	true
2026-08-16T12:46:49.492321569Z	udr	free5gc-free5gc-udr-udr-58755768c-nfw5h	Running	true
2026-08-16T12:46:49.492321569Z	open5glos	open5glos-b75498bb4-hkqrl	Running	true
2026-08-16T12:46:52.758293982Z	amf	free5gc-free5gc-amf-amf-85d9ffb9c6-7h9rx	Running	true
2026-08-16T12:46:52.758293982Z	amf	free5gc-free5gc-amf-amf-85d9ffb9c6-qvgxs	Running	true
2026-08-16T12:46:52.758293982Z	ausf	free5gc-free5gc-ausf-ausf-54c5798bd9-kjrdc	Running	true
2026-08-16T12:46:52.758293982Z	pcf	free5gc-free5gc-pcf-pcf-5699db94cc-vhxt6	Running	true
2026-08-16T12:46:52.758293982Z	udm	free5gc-free5gc-udm-udm-7fc7856685-qgwwg	Running	true
2026-08-16T12:46:52.758293982Z	udr	free5gc-free5gc-udr-udr-58755768c-nfw5h	Running	true
2026-08-16T12:46:52.758293982Z	open5glos	open5glos-b75498bb4-hkqrl	Running	true
2026-08-16T12:46:56.163148674Z	amf	free5gc-free5gc-amf-amf-85d9ffb9c6-7h9rx	Running	true
2026-08-16T12:46:56.163148674Z	amf	free5gc-free5gc-amf-amf-85d9ffb9c6-qvgxs	Running	true
2026-08-16T12:46:56.163148674Z	ausf	free5gc-free5gc-ausf-ausf-54c5798bd9-kjrdc	Running	true
2026-08-16T12:46:56.163148674Z	pcf	free5gc-free5gc-pcf-pcf-5699db94cc-vhxt6	Running	true
2026-08-16T12:46:56.163148674Z	udm	free5gc-free5gc-udm-udm-7fc7856685-qgwwg	Running	true
2026-08-16T12:46:56.163148674Z	udr	free5gc-free5gc-udr-udr-58755768c-nfw5h	Running	true
2026-08-16T12:46:56.163148674Z	open5glos	open5glos-b75498bb4-hkqrl	Running	true
2026-08-16T12:46:59.524582299Z	amf	free5gc-free5gc-amf-amf-85d9ffb9c6-7h9rx	Running	true
2026-08-16T12:46:59.524582299Z	amf	free5gc-free5gc-amf-amf-85d9ffb9c6-qvgxs	Running	true
2026-08-16T12:46:59.524582299Z	ausf	free5gc-free5gc-ausf-ausf-54c5798bd9-kjrdc	Running	true
2026-08-16T12:46:59.524582299Z	pcf	free5gc-free5gc-pcf-pcf-5699db94cc-vhxt6	Running	true
2026-08-16T12:46:59.524582299Z	udm	free5gc-free5gc-udm-udm-7fc7856685-qgwwg	Running	true
2026-08-16T12:46:59.524582299Z	udr	free5gc-free5gc-udr-udr-58755768c-nfw5h	Running	true
2026-08-16T12:46:59.524582299Z	open5glos	open5glos-b75498bb4-hkqrl	Running	true
2026-08-16T12:47:02.817230228Z	amf	free5gc-free5gc-amf-amf-85d9ffb9c6-7h9rx	Running	true
2026-08-16T12:47:02.817230228Z	amf	free5gc-free5gc-amf-amf-85d9ffb9c6-qvgxs	Running	true
2026-08-16T12:47:02.817230228Z	ausf	free5gc-free5gc-ausf-ausf-54c5798bd9-kjrdc	Running	true
2026-08-16T12:47:02.817230228Z	pcf	free5gc-free5gc-pcf-pcf-5699db94cc-vhxt6	Running	true
2026-08-16T12:47:02.817230228Z	udm	free5gc-free5gc-udm-udm-7fc7856685-qgwwg	Running	true
2026-08-16T12:47:02.817230228Z	udr	free5gc-free5gc-udr-udr-58755768c-nfw5h	Running	true
2026-08-16T12:47:02.817230228Z	open5glos	open5glos-b75498bb4-hkqrl	Running	true
2026-08-16T12:47:06.155861099Z	amf	free5gc-free5gc-amf-amf-85d9ffb9c6-7h9rx	Running	true
2026-08-16T12:47:06.155861099Z	amf	free5gc-free5gc-amf-amf-85d9ffb9c6-qvgxs	Running	true
2026-08-16T12:47:06.155861099Z	ausf	free5gc-free5gc-ausf-ausf-54c5798bd9-kjrdc	Running	true
2026-08-16T12:47:06.155861099Z	pcf	free5gc-free5gc-pcf-pcf-5699db94cc-vhxt6	Running	true
2026-08-16T12:47:06.155861099Z	udm	free5gc-free5gc-udm-udm-7fc7856685-qgwwg	Running	true
2026-08-16T12:47:06.155861099Z	udr	free5gc-free5gc-udr-udr-58755768c-nfw5h	Running	true
2026-08-16T12:47:06.155861099Z	open5glos	open5glos-b75498bb4-hkqrl	Running	true
2026-08-16T12:47:09.516046202Z	amf	free5gc-free5gc-amf-amf-85d9ffb9c6-7h9rx	Running	true
2026-08-16T12:47:09.516046202Z	amf	free5gc-free5gc-amf-amf-85d9ffb9c6-qvgxs	Running	true
2026-08-16T12:47:09.516046202Z	ausf	free5gc-free5gc-ausf-ausf-54c5798bd9-kjrdc	Running	true
2026-08-16T12:47:09.516046202Z	pcf	free5gc-free5gc-pcf-pcf-5699db94cc-vhxt6	Running	true
2026-08-16T12:47:09.516046202Z	udm	free5gc-free5gc-udm-udm-7fc7856685-qgwwg	Running	true
2026-08-16T12:47:09.516046202Z	udr	free5gc-free5gc-udr-udr-58755768c-nfw5h	Running	true
2026-08-16T12:47:09.516046202Z	open5glos	open5glos-b75498bb4-hkqrl	Running	true
2026-08-16T12:47:12.888799761Z	amf	free5gc-free5gc-amf-amf-85d9ffb9c6-7h9rx	Running	true
2026-08-16T12:47:12.888799761Z	amf	free5gc-free5gc-amf-amf-85d9ffb9c6-qvgxs	Running	true
2026-08-16T12:47:12.888799761Z	ausf	free5gc-free5gc-ausf-ausf-54c5798bd9-kjrdc	Running	true
2026-08-16T12:47:12.888799761Z	pcf	free5gc-free5gc-pcf-pcf-5699db94cc-vhxt6	Running	true
2026-08-16T12:47:12.888799761Z	udm	free5gc-free5gc-udm-udm-7fc7856685-qgwwg	Running	true
2026-08-16T12:47:12.888799761Z	udr	free5gc-free5gc-udr-udr-58755768c-nfw5h	Running	true
2026-08-16T12:47:12.888799761Z	open5glos	open5glos-b75498bb4-hkqrl	Running	true
2026-08-16T12:47:16.257569470Z	amf	free5gc-free5gc-amf-amf-85d9ffb9c6-7h9rx	Running	true
2026-08-16T12:47:16.257569470Z	amf	free5gc-free5gc-amf-amf-85d9ffb9c6-qvgxs	Running	true
2026-08-16T12:47:16.257569470Z	ausf	free5gc-free5gc-ausf-ausf-54c5798bd9-kjrdc	Running	true
2026-08-16T12:47:16.257569470Z	pcf	free5gc-free5gc-pcf-pcf-5699db94cc-vhxt6	Running	true
2026-08-16T12:47:16.257569470Z	udm	free5gc-free5gc-udm-udm-7fc7856685-qgwwg	Running	true
2026-08-16T12:47:16.257569470Z	udr	free5gc-free5gc-udr-udr-58755768c-nfw5h	Running	true
2026-08-16T12:47:16.257569470Z	open5glos	open5glos-b75498bb4-hkqrl	Running	true
2026-08-16T12:47:19.736656853Z	amf	free5gc-free5gc-amf-amf-85d9ffb9c6-7h9rx	Running	true
2026-08-16T12:47:19.736656853Z	amf	free5gc-free5gc-amf-amf-85d9ffb9c6-qvgxs	Running	true
2026-08-16T12:47:19.736656853Z	ausf	free5gc-free5gc-ausf-ausf-54c5798bd9-kjrdc	Running	true
2026-08-16T12:47:19.736656853Z	pcf	free5gc-free5gc-pcf-pcf-5699db94cc-vhxt6	Running	true
2026-08-16T12:47:19.736656853Z	udm	free5gc-free5gc-udm-udm-7fc7856685-qgwwg	Running	true
2026-08-16T12:47:19.736656853Z	udr	free5gc-free5gc-udr-udr-58755768c-nfw5h	Running	true
2026-08-16T12:47:19.736656853Z	open5glos	open5glos-b75498bb4-hkqrl	Running	true
2026-08-16T12:47:23.190640212Z	amf	free5gc-free5gc-amf-amf-85d9ffb9c6-7h9rx	Succeeded	false
2026-08-16T12:47:23.190640212Z	amf	free5gc-free5gc-amf-amf-85d9ffb9c6-qvgxs	Running	true
2026-08-16T12:47:23.190640212Z	ausf	free5gc-free5gc-ausf-ausf-54c5798bd9-kjrdc	Running	true
2026-08-16T12:47:23.190640212Z	pcf	free5gc-free5gc-pcf-pcf-5699db94cc-vhxt6	Running	true
2026-08-16T12:47:23.190640212Z	udm	free5gc-free5gc-udm-udm-7fc7856685-qgwwg	Running	true
2026-08-16T12:47:23.190640212Z	udr	free5gc-free5gc-udr-udr-58755768c-nfw5h	Running	true
2026-08-16T12:47:23.190640212Z	open5glos	open5glos-b75498bb4-hkqrl	Running	true
2026-08-16T12:47:26.495302822Z	amf	free5gc-free5gc-amf-amf-85d9ffb9c6-qvgxs	Running	true
2026-08-16T12:47:26.495302822Z	ausf	free5gc-free5gc-ausf-ausf-54c5798bd9-kjrdc	Running	true
2026-08-16T12:47:26.495302822Z	pcf	free5gc-free5gc-pcf-pcf-5699db94cc-vhxt6	Running	true
2026-08-16T12:47:26.495302822Z	udm	free5gc-free5gc-udm-udm-7fc7856685-qgwwg	Running	true
2026-08-16T12:47:26.495302822Z	udr	free5gc-free5gc-udr-udr-58755768c-nfw5h	Running	true
2026-08-16T12:47:26.495302822Z	open5glos	open5glos-b75498bb4-hkqrl	Running	true
2026-08-16T12:47:29.884274754Z	amf	free5gc-free5gc-amf-amf-85d9ffb9c6-qvgxs	Running	true
2026-08-16T12:47:29.884274754Z	ausf	free5gc-free5gc-ausf-ausf-54c5798bd9-kjrdc	Running	true
2026-08-16T12:47:29.884274754Z	pcf	free5gc-free5gc-pcf-pcf-5699db94cc-vhxt6	Running	true
2026-08-16T12:47:29.884274754Z	udm	free5gc-free5gc-udm-udm-7fc7856685-qgwwg	Running	true
2026-08-16T12:47:29.884274754Z	udr	free5gc-free5gc-udr-udr-58755768c-nfw5h	Running	true
2026-08-16T12:47:29.884274754Z	open5glos	open5glos-b75498bb4-hkqrl	Running	true
