timestamp,pod,cpu,memory
2026-08-11T16:30:46+08:00,dbpython-free5gc-dbpython-dbpython-7fb488c7fc-8vt7q,30m,0Mi
2026-08-11T16:30:46+08:00,free5gc-free5gc-amf-amf-58c4d7b8b8-b75xd,41m,14Mi
2026-08-11T16:30:46+08:00,free5gc-free5gc-ausf-ausf-789bbfb4df-zxmhg,40m,19Mi
2026-08-11T16:30:46+08:00,free5gc-free5gc-chf-chf-6f777c7ff8-8mxhq,43m,12Mi
2026-08-11T16:30:46+08:00,free5gc-free5gc-nef-nef-759f694c89-jh7pd,38m,7Mi
2026-08-11T16:30:46+08:00,free5gc-free5gc-nrf-nrf-5766464855-bm2nv,2m,10Mi
2026-08-11T16:30:46+08:00,free5gc-free5gc-nssf-nssf-7f7767dd45-tvbcj,41m,7Mi
2026-08-11T16:30:46+08:00,free5gc-free5gc-pcf-pcf-769b57775d-crzp7,43m,8Mi
2026-08-11T16:30:46+08:00,free5gc-free5gc-smf-smf-7d94c978bf-bzj5s,46m,10Mi
2026-08-11T16:30:46+08:00,free5gc-free5gc-udm-udm-7fbb989b5c-96rtv,43m,10Mi
2026-08-11T16:30:46+08:00,free5gc-free5gc-udr-udr-788647bbb4-jbz5f,42m,12Mi
2026-08-11T16:30:46+08:00,free5gc-free5gc-webui-webui-6785478d49-lwtrb,2m,12Mi
2026-08-11T16:30:46+08:00,mongodb-0,159m,82Mi
2026-08-11T16:30:48+08:00,dbpython-free5gc-dbpython-dbpython-7fb488c7fc-8vt7q,31m,0Mi
2026-08-11T16:30:48+08:00,free5gc-free5gc-amf-amf-58c4d7b8b8-b75xd,39m,14Mi
2026-08-11T16:30:48+08:00,free5gc-free5gc-ausf-ausf-789bbfb4df-zxmhg,38m,16Mi
2026-08-11T16:30:48+08:00,free5gc-free5gc-chf-chf-6f777c7ff8-8mxhq,41m,12Mi
2026-08-11T16:30:48+08:00,free5gc-free5gc-nef-nef-759f694c89-jh7pd,40m,7Mi
2026-08-11T16:30:48+08:00,free5gc-free5gc-nrf-nrf-5766464855-bm2nv,2m,10Mi
2026-08-11T16:30:48+08:00,free5gc-free5gc-nssf-nssf-7f7767dd45-tvbcj,42m,7Mi
2026-08-11T16:30:48+08:00,free5gc-free5gc-pcf-pcf-769b57775d-crzp7,43m,8Mi
2026-08-11T16:30:48+08:00,free5gc-free5gc-smf-smf-7d94c978bf-bzj5s,44m,13Mi
2026-08-11T16:30:48+08:00,free5gc-free5gc-udm-udm-7fbb989b5c-96rtv,43m,10Mi
2026-08-11T16:30:48+08:00,free5gc-free5gc-udr-udr-788647bbb4-jbz5f,43m,9Mi
2026-08-11T16:30:48+08:00,free5gc-free5gc-webui-webui-6785478d49-lwtrb,3m,12Mi
2026-08-11T16:30:48+08:00,mongodb-0,206m,231Mi
2026-08-11T16:30:50+08:00,dbpython-free5gc-dbpython-dbpython-7fb488c7fc-8vt7q,31m,0Mi
2026-08-11T16:30:50+08:00,free5gc-free5gc-amf-amf-58c4d7b8b8-b75xd,39m,14Mi
2026-08-11T16:30:50+08:00,free5gc-free5gc-ausf-ausf-789bbfb4df-zxmhg,38m,16Mi
2026-08-11T16:30:50+08:00,free5gc-free5gc-chf-chf-6f777c7ff8-8mxhq,41m,12Mi
2026-08-11T16:30:50+08:00,free5gc-free5gc-nef-nef-759f694c89-jh7pd,40m,7Mi
2026-08-11T16:30:50+08:00,free5gc-free5gc-nrf-nrf-5766464855-bm2nv,2m,10Mi
2026-08-11T16:30:50+08:00,free5gc-free5gc-nssf-nssf-7f7767dd45-tvbcj,42m,7Mi
2026-08-11T16:30:50+08:00,free5gc-free5gc-pcf-pcf-769b57775d-crzp7,43m,8Mi
2026-08-11T16:30:50+08:00,free5gc-free5gc-smf-smf-7d94c978bf-bzj5s,44m,13Mi
2026-08-11T16:30:50+08:00,free5gc-free5gc-udm-udm-7fbb989b5c-96rtv,43m,10Mi
2026-08-11T16:30:50+08:00,free5gc-free5gc-udr-udr-788647bbb4-jbz5f,43m,9Mi
2026-08-11T16:30:50+08:00,free5gc-free5gc-webui-webui-6785478d49-lwtrb,3m,12Mi
2026-08-11T16:30:50+08:00,mongodb-0,206m,231Mi
2026-08-11T16:30:52+08:00,dbpython-free5gc-dbpython-dbpython-7fb488c7fc-8vt7q,31m,0Mi
2026-08-11T16:30:52+08:00,free5gc-free5gc-amf-amf-58c4d7b8b8-b75xd,39m,14Mi
2026-08-11T16:30:52+08:00,free5gc-free5gc-ausf-ausf-789bbfb4df-zxmhg,38m,16Mi
2026-08-11T16:30:52+08:00,free5gc-free5gc-chf-chf-6f777c7ff8-8mxhq,41m,12Mi
2026-08-11T16:30:52+08:00,free5gc-free5gc-nef-nef-759f694c89-jh7pd,40m,7Mi
2026-08-11T16:30:52+08:00,free5gc-free5gc-nrf-nrf-5766464855-bm2nv,2m,10Mi
2026-08-11T16:30:52+08:00,free5gc-free5gc-nssf-nssf-7f7767dd45-tvbcj,42m,7Mi
2026-08-11T16:30:52+08:00,free5gc-free5gc-pcf-pcf-769b57775d-crzp7,43m,8Mi
2026-08-11T16:30:52+08:00,free5gc-free5gc-smf-smf-7d94c978bf-bzj5s,44m,13Mi
2026-08-11T16:30:52+08:00,free5gc-free5gc-udm-udm-7fbb989b5c-96rtv,43m,10Mi
2026-08-11T16:30:52+08:00,free5gc-free5gc-udr-udr-788647bbb4-jbz5f,43m,9Mi
2026-08-11T16:30:52+08:00,free5gc-free5gc-webui-webui-6785478d49-lwtrb,3m,12Mi
2026-08-11T16:30:52+08:00,mongodb-0,206m,231Mi
2026-08-11T16:30:55+08:00,dbpython-free5gc-dbpython-dbpython-7fb488c7fc-8vt7q,31m,0Mi
2026-08-11T16:30:55+08:00,free5gc-free5gc-amf-amf-58c4d7b8b8-b75xd,39m,14Mi
2026-08-11T16:30:55+08:00,free5gc-free5gc-ausf-ausf-789bbfb4df-zxmhg,38m,16Mi
2026-08-11T16:30:55+08:00,free5gc-free5gc-chf-chf-6f777c7ff8-8mxhq,41m,12Mi
2026-08-11T16:30:55+08:00,free5gc-free5gc-nef-nef-759f694c89-jh7pd,40m,7Mi
2026-08-11T16:30:55+08:00,free5gc-free5gc-nrf-nrf-5766464855-bm2nv,2m,10Mi
2026-08-11T16:30:55+08:00,free5gc-free5gc-nssf-nssf-7f7767dd45-tvbcj,42m,7Mi
2026-08-11T16:30:55+08:00,free5gc-free5gc-pcf-pcf-769b57775d-crzp7,43m,8Mi
2026-08-11T16:30:55+08:00,free5gc-free5gc-smf-smf-7d94c978bf-bzj5s,44m,13Mi
2026-08-11T16:30:55+08:00,free5gc-free5gc-udm-udm-7fbb989b5c-96rtv,43m,10Mi
2026-08-11T16:30:55+08:00,free5gc-free5gc-udr-udr-788647bbb4-jbz5f,43m,9Mi
2026-08-11T16:30:55+08:00,free5gc-free5gc-webui-webui-6785478d49-lwtrb,3m,12Mi
2026-08-11T16:30:55+08:00,mongodb-0,206m,231Mi
2026-08-11T16:30:57+08:00,dbpython-free5gc-dbpython-dbpython-7fb488c7fc-8vt7q,31m,0Mi
2026-08-11T16:30:57+08:00,free5gc-free5gc-amf-amf-58c4d7b8b8-b75xd,39m,14Mi
2026-08-11T16:30:57+08:00,free5gc-free5gc-ausf-ausf-789bbfb4df-zxmhg,38m,16Mi
2026-08-11T16:30:57+08:00,free5gc-free5gc-chf-chf-6f777c7ff8-8mxhq,41m,12Mi
2026-08-11T16:30:57+08:00,free5gc-free5gc-nef-nef-759f694c89-jh7pd,40m,7Mi
2026-08-11T16:30:57+08:00,free5gc-free5gc-nrf-nrf-5766464855-bm2nv,2m,10Mi
2026-08-11T16:30:57+08:00,free5gc-free5gc-nssf-nssf-7f7767dd45-tvbcj,42m,7Mi
2026-08-11T16:30:57+08:00,free5gc-free5gc-pcf-pcf-769b57775d-crzp7,43m,8Mi
2026-08-11T16:30:57+08:00,free5gc-free5gc-smf-smf-7d94c978bf-bzj5s,44m,13Mi
2026-08-11T16:30:57+08:00,free5gc-free5gc-udm-udm-7fbb989b5c-96rtv,43m,10Mi
2026-08-11T16:30:57+08:00,free5gc-free5gc-udr-udr-788647bbb4-jbz5f,43m,9Mi
2026-08-11T16:30:57+08:00,free5gc-free5gc-webui-webui-6785478d49-lwtrb,3m,12Mi
2026-08-11T16:30:57+08:00,mongodb-0,206m,231Mi
2026-08-11T16:30:59+08:00,dbpython-free5gc-dbpython-dbpython-7fb488c7fc-8vt7q,31m,0Mi
2026-08-11T16:30:59+08:00,free5gc-free5gc-amf-amf-58c4d7b8b8-b75xd,39m,14Mi
2026-08-11T16:30:59+08:00,free5gc-free5gc-ausf-ausf-789bbfb4df-zxmhg,38m,16Mi
2026-08-11T16:30:59+08:00,free5gc-free5gc-chf-chf-6f777c7ff8-8mxhq,41m,12Mi
2026-08-11T16:30:59+08:00,free5gc-free5gc-nef-nef-759f694c89-jh7pd,40m,7Mi
2026-08-11T16:30:59+08:00,free5gc-free5gc-nrf-nrf-5766464855-bm2nv,2m,10Mi
2026-08-11T16:30:59+08:00,free5gc-free5gc-nssf-nssf-7f7767dd45-tvbcj,42m,7Mi
2026-08-11T16:30:59+08:00,free5gc-free5gc-pcf-pcf-769b57775d-crzp7,43m,8Mi
2026-08-11T16:30:59+08:00,free5gc-free5gc-smf-smf-7d94c978bf-bzj5s,44m,13Mi
2026-08-11T16:30:59+08:00,free5gc-free5gc-udm-udm-7fbb989b5c-96rtv,43m,10Mi
2026-08-11T16:30:59+08:00,free5gc-free5gc-udr-udr-788647bbb4-jbz5f,43m,9Mi
2026-08-11T16:30:59+08:00,free5gc-free5gc-webui-webui-6785478d49-lwtrb,3m,12Mi
2026-08-11T16:30:59+08:00,mongodb-0,206m,231Mi
2026-08-11T16:31:01+08:00,dbpython-free5gc-dbpython-dbpython-7fb488c7fc-8vt7q,31m,0Mi
2026-08-11T16:31:01+08:00,free5gc-free5gc-amf-amf-58c4d7b8b8-b75xd,39m,14Mi
2026-08-11T16:31:01+08:00,free5gc-free5gc-ausf-ausf-789bbfb4df-zxmhg,38m,16Mi
2026-08-11T16:31:01+08:00,free5gc-free5gc-chf-chf-6f777c7ff8-8mxhq,41m,12Mi
2026-08-11T16:31:01+08:00,free5gc-free5gc-nef-nef-759f694c89-jh7pd,40m,7Mi
2026-08-11T16:31:01+08:00,free5gc-free5gc-nrf-nrf-5766464855-bm2nv,2m,10Mi
2026-08-11T16:31:01+08:00,free5gc-free5gc-nssf-nssf-7f7767dd45-tvbcj,42m,7Mi
2026-08-11T16:31:01+08:00,free5gc-free5gc-pcf-pcf-769b57775d-crzp7,43m,8Mi
2026-08-11T16:31:01+08:00,free5gc-free5gc-smf-smf-7d94c978bf-bzj5s,44m,13Mi
2026-08-11T16:31:01+08:00,free5gc-free5gc-udm-udm-7fbb989b5c-96rtv,43m,10Mi
2026-08-11T16:31:01+08:00,free5gc-free5gc-udr-udr-788647bbb4-jbz5f,43m,9Mi
2026-08-11T16:31:01+08:00,free5gc-free5gc-webui-webui-6785478d49-lwtrb,3m,12Mi
2026-08-11T16:31:01+08:00,mongodb-0,206m,231Mi
2026-08-11T16:31:03+08:00,dbpython-free5gc-dbpython-dbpython-7fb488c7fc-8vt7q,29m,0Mi
2026-08-11T16:31:03+08:00,free5gc-free5gc-amf-amf-58c4d7b8b8-b75xd,80m,23Mi
2026-08-11T16:31:03+08:00,free5gc-free5gc-ausf-ausf-789bbfb4df-zxmhg,38m,16Mi
2026-08-11T16:31:03+08:00,free5gc-free5gc-chf-chf-6f777c7ff8-8mxhq,44m,12Mi
2026-08-11T16:31:03+08:00,free5gc-free5gc-nef-nef-759f694c89-jh7pd,43m,7Mi
2026-08-11T16:31:03+08:00,free5gc-free5gc-nrf-nrf-5766464855-bm2nv,93m,12Mi
2026-08-11T16:31:03+08:00,free5gc-free5gc-nssf-nssf-7f7767dd45-tvbcj,39m,7Mi
2026-08-11T16:31:03+08:00,free5gc-free5gc-pcf-pcf-769b57775d-crzp7,43m,8Mi
2026-08-11T16:31:03+08:00,free5gc-free5gc-smf-smf-7d94c978bf-bzj5s,44m,10Mi
2026-08-11T16:31:03+08:00,free5gc-free5gc-udm-udm-7fbb989b5c-96rtv,43m,10Mi
2026-08-11T16:31:03+08:00,free5gc-free5gc-udr-udr-788647bbb4-jbz5f,97m,12Mi
2026-08-11T16:31:03+08:00,free5gc-free5gc-webui-webui-6785478d49-lwtrb,2m,12Mi
2026-08-11T16:31:03+08:00,mongodb-0,114m,82Mi
2026-08-11T16:31:05+08:00,dbpython-free5gc-dbpython-dbpython-7fb488c7fc-8vt7q,29m,0Mi
2026-08-11T16:31:05+08:00,free5gc-free5gc-amf-amf-58c4d7b8b8-b75xd,80m,23Mi
2026-08-11T16:31:05+08:00,free5gc-free5gc-ausf-ausf-789bbfb4df-zxmhg,38m,16Mi
2026-08-11T16:31:05+08:00,free5gc-free5gc-chf-chf-6f777c7ff8-8mxhq,44m,12Mi
2026-08-11T16:31:05+08:00,free5gc-free5gc-nef-nef-759f694c89-jh7pd,43m,7Mi
2026-08-11T16:31:05+08:00,free5gc-free5gc-nrf-nrf-5766464855-bm2nv,93m,12Mi
2026-08-11T16:31:05+08:00,free5gc-free5gc-nssf-nssf-7f7767dd45-tvbcj,39m,7Mi
2026-08-11T16:31:05+08:00,free5gc-free5gc-pcf-pcf-769b57775d-crzp7,43m,8Mi
2026-08-11T16:31:05+08:00,free5gc-free5gc-smf-smf-7d94c978bf-bzj5s,44m,10Mi
2026-08-11T16:31:05+08:00,free5gc-free5gc-udm-udm-7fbb989b5c-96rtv,43m,10Mi
2026-08-11T16:31:05+08:00,free5gc-free5gc-udr-udr-788647bbb4-jbz5f,97m,12Mi
2026-08-11T16:31:05+08:00,free5gc-free5gc-webui-webui-6785478d49-lwtrb,2m,12Mi
2026-08-11T16:31:05+08:00,mongodb-0,114m,82Mi
2026-08-11T16:31:08+08:00,dbpython-free5gc-dbpython-dbpython-7fb488c7fc-8vt7q,29m,0Mi
2026-08-11T16:31:08+08:00,free5gc-free5gc-amf-amf-58c4d7b8b8-b75xd,80m,23Mi
2026-08-11T16:31:08+08:00,free5gc-free5gc-ausf-ausf-789bbfb4df-zxmhg,38m,16Mi
2026-08-11T16:31:08+08:00,free5gc-free5gc-chf-chf-6f777c7ff8-8mxhq,44m,12Mi
2026-08-11T16:31:08+08:00,free5gc-free5gc-nef-nef-759f694c89-jh7pd,43m,7Mi
2026-08-11T16:31:08+08:00,free5gc-free5gc-nrf-nrf-5766464855-bm2nv,93m,12Mi
2026-08-11T16:31:08+08:00,free5gc-free5gc-nssf-nssf-7f7767dd45-tvbcj,39m,7Mi
2026-08-11T16:31:08+08:00,free5gc-free5gc-pcf-pcf-769b57775d-crzp7,43m,8Mi
2026-08-11T16:31:08+08:00,free5gc-free5gc-smf-smf-7d94c978bf-bzj5s,44m,10Mi
2026-08-11T16:31:08+08:00,free5gc-free5gc-udm-udm-7fbb989b5c-96rtv,43m,10Mi
2026-08-11T16:31:08+08:00,free5gc-free5gc-udr-udr-788647bbb4-jbz5f,97m,12Mi
2026-08-11T16:31:08+08:00,free5gc-free5gc-webui-webui-6785478d49-lwtrb,2m,12Mi
2026-08-11T16:31:08+08:00,mongodb-0,114m,82Mi
2026-08-11T16:31:10+08:00,dbpython-free5gc-dbpython-dbpython-7fb488c7fc-8vt7q,29m,0Mi
2026-08-11T16:31:10+08:00,free5gc-free5gc-amf-amf-58c4d7b8b8-b75xd,80m,23Mi
2026-08-11T16:31:10+08:00,free5gc-free5gc-ausf-ausf-789bbfb4df-zxmhg,38m,16Mi
2026-08-11T16:31:10+08:00,free5gc-free5gc-chf-chf-6f777c7ff8-8mxhq,44m,12Mi
2026-08-11T16:31:10+08:00,free5gc-free5gc-nef-nef-759f694c89-jh7pd,43m,7Mi
2026-08-11T16:31:10+08:00,free5gc-free5gc-nrf-nrf-5766464855-bm2nv,93m,12Mi
2026-08-11T16:31:10+08:00,free5gc-free5gc-nssf-nssf-7f7767dd45-tvbcj,39m,7Mi
2026-08-11T16:31:10+08:00,free5gc-free5gc-pcf-pcf-769b57775d-crzp7,43m,8Mi
2026-08-11T16:31:10+08:00,free5gc-free5gc-smf-smf-7d94c978bf-bzj5s,44m,10Mi
2026-08-11T16:31:10+08:00,free5gc-free5gc-udm-udm-7fbb989b5c-96rtv,43m,10Mi
2026-08-11T16:31:10+08:00,free5gc-free5gc-udr-udr-788647bbb4-jbz5f,97m,12Mi
2026-08-11T16:31:10+08:00,free5gc-free5gc-webui-webui-6785478d49-lwtrb,2m,12Mi
2026-08-11T16:31:10+08:00,mongodb-0,114m,82Mi
2026-08-11T16:31:12+08:00,dbpython-free5gc-dbpython-dbpython-7fb488c7fc-8vt7q,29m,0Mi
2026-08-11T16:31:12+08:00,free5gc-free5gc-amf-amf-58c4d7b8b8-b75xd,80m,23Mi
2026-08-11T16:31:12+08:00,free5gc-free5gc-ausf-ausf-789bbfb4df-zxmhg,38m,16Mi
2026-08-11T16:31:12+08:00,free5gc-free5gc-chf-chf-6f777c7ff8-8mxhq,44m,12Mi
2026-08-11T16:31:12+08:00,free5gc-free5gc-nef-nef-759f694c89-jh7pd,43m,7Mi
2026-08-11T16:31:12+08:00,free5gc-free5gc-nrf-nrf-5766464855-bm2nv,93m,12Mi
2026-08-11T16:31:12+08:00,free5gc-free5gc-nssf-nssf-7f7767dd45-tvbcj,39m,7Mi
2026-08-11T16:31:12+08:00,free5gc-free5gc-pcf-pcf-769b57775d-crzp7,43m,8Mi
2026-08-11T16:31:12+08:00,free5gc-free5gc-smf-smf-7d94c978bf-bzj5s,44m,10Mi
2026-08-11T16:31:12+08:00,free5gc-free5gc-udm-udm-7fbb989b5c-96rtv,43m,10Mi
2026-08-11T16:31:12+08:00,free5gc-free5gc-udr-udr-788647bbb4-jbz5f,97m,12Mi
2026-08-11T16:31:12+08:00,free5gc-free5gc-webui-webui-6785478d49-lwtrb,2m,12Mi
2026-08-11T16:31:12+08:00,mongodb-0,114m,82Mi
2026-08-11T16:31:14+08:00,dbpython-free5gc-dbpython-dbpython-7fb488c7fc-8vt7q,29m,0Mi
2026-08-11T16:31:14+08:00,free5gc-free5gc-amf-amf-58c4d7b8b8-b75xd,80m,23Mi
2026-08-11T16:31:14+08:00,free5gc-free5gc-ausf-ausf-789bbfb4df-zxmhg,38m,16Mi
2026-08-11T16:31:14+08:00,free5gc-free5gc-chf-chf-6f777c7ff8-8mxhq,44m,12Mi
2026-08-11T16:31:14+08:00,free5gc-free5gc-nef-nef-759f694c89-jh7pd,43m,7Mi
2026-08-11T16:31:14+08:00,free5gc-free5gc-nrf-nrf-5766464855-bm2nv,93m,12Mi
2026-08-11T16:31:14+08:00,free5gc-free5gc-nssf-nssf-7f7767dd45-tvbcj,39m,7Mi
2026-08-11T16:31:14+08:00,free5gc-free5gc-pcf-pcf-769b57775d-crzp7,43m,8Mi
2026-08-11T16:31:14+08:00,free5gc-free5gc-smf-smf-7d94c978bf-bzj5s,44m,10Mi
2026-08-11T16:31:14+08:00,free5gc-free5gc-udm-udm-7fbb989b5c-96rtv,43m,10Mi
2026-08-11T16:31:14+08:00,free5gc-free5gc-udr-udr-788647bbb4-jbz5f,97m,12Mi
2026-08-11T16:31:14+08:00,free5gc-free5gc-webui-webui-6785478d49-lwtrb,2m,12Mi
2026-08-11T16:31:14+08:00,mongodb-0,114m,82Mi
2026-08-11T16:31:16+08:00,dbpython-free5gc-dbpython-dbpython-7fb488c7fc-8vt7q,31m,0Mi
2026-08-11T16:31:16+08:00,free5gc-free5gc-amf-amf-58c4d7b8b8-b75xd,86m,32Mi
2026-08-11T16:31:16+08:00,free5gc-free5gc-ausf-ausf-789bbfb4df-zxmhg,71m,24Mi
2026-08-11T16:31:16+08:00,free5gc-free5gc-chf-chf-6f777c7ff8-8mxhq,39m,12Mi
2026-08-11T16:31:16+08:00,free5gc-free5gc-nef-nef-759f694c89-jh7pd,38m,7Mi
2026-08-11T16:31:16+08:00,free5gc-free5gc-nrf-nrf-5766464855-bm2nv,2m,12Mi
2026-08-11T16:31:16+08:00,free5gc-free5gc-nssf-nssf-7f7767dd45-tvbcj,39m,7Mi
2026-08-11T16:31:16+08:00,free5gc-free5gc-pcf-pcf-769b57775d-crzp7,63m,11Mi
2026-08-11T16:31:16+08:00,free5gc-free5gc-smf-smf-7d94c978bf-bzj5s,42m,10Mi
2026-08-11T16:31:16+08:00,free5gc-free5gc-udm-udm-7fbb989b5c-96rtv,81m,13Mi
2026-08-11T16:31:16+08:00,free5gc-free5gc-udr-udr-788647bbb4-jbz5f,38m,12Mi
2026-08-11T16:31:16+08:00,free5gc-free5gc-webui-webui-6785478d49-lwtrb,3m,12Mi
2026-08-11T16:31:16+08:00,mongodb-0,148m,82Mi
2026-08-11T16:31:18+08:00,dbpython-free5gc-dbpython-dbpython-7fb488c7fc-8vt7q,31m,0Mi
2026-08-11T16:31:18+08:00,free5gc-free5gc-amf-amf-58c4d7b8b8-b75xd,86m,32Mi
2026-08-11T16:31:18+08:00,free5gc-free5gc-ausf-ausf-789bbfb4df-zxmhg,71m,24Mi
2026-08-11T16:31:18+08:00,free5gc-free5gc-chf-chf-6f777c7ff8-8mxhq,39m,12Mi
2026-08-11T16:31:18+08:00,free5gc-free5gc-nef-nef-759f694c89-jh7pd,38m,7Mi
2026-08-11T16:31:18+08:00,free5gc-free5gc-nrf-nrf-5766464855-bm2nv,2m,12Mi
2026-08-11T16:31:18+08:00,free5gc-free5gc-nssf-nssf-7f7767dd45-tvbcj,39m,7Mi
2026-08-11T16:31:18+08:00,free5gc-free5gc-pcf-pcf-769b57775d-crzp7,63m,11Mi
2026-08-11T16:31:18+08:00,free5gc-free5gc-smf-smf-7d94c978bf-bzj5s,42m,10Mi
2026-08-11T16:31:18+08:00,free5gc-free5gc-udm-udm-7fbb989b5c-96rtv,81m,13Mi
2026-08-11T16:31:18+08:00,free5gc-free5gc-udr-udr-788647bbb4-jbz5f,38m,12Mi
2026-08-11T16:31:18+08:00,free5gc-free5gc-webui-webui-6785478d49-lwtrb,3m,12Mi
2026-08-11T16:31:18+08:00,mongodb-0,148m,82Mi
2026-08-11T16:31:20+08:00,dbpython-free5gc-dbpython-dbpython-7fb488c7fc-8vt7q,31m,0Mi
2026-08-11T16:31:20+08:00,free5gc-free5gc-amf-amf-58c4d7b8b8-b75xd,86m,32Mi
2026-08-11T16:31:20+08:00,free5gc-free5gc-ausf-ausf-789bbfb4df-zxmhg,71m,24Mi
2026-08-11T16:31:20+08:00,free5gc-free5gc-chf-chf-6f777c7ff8-8mxhq,39m,12Mi
2026-08-11T16:31:20+08:00,free5gc-free5gc-nef-nef-759f694c89-jh7pd,38m,7Mi
2026-08-11T16:31:20+08:00,free5gc-free5gc-nrf-nrf-5766464855-bm2nv,2m,12Mi
2026-08-11T16:31:20+08:00,free5gc-free5gc-nssf-nssf-7f7767dd45-tvbcj,39m,7Mi
2026-08-11T16:31:20+08:00,free5gc-free5gc-pcf-pcf-769b57775d-crzp7,63m,11Mi
2026-08-11T16:31:20+08:00,free5gc-free5gc-smf-smf-7d94c978bf-bzj5s,42m,10Mi
2026-08-11T16:31:20+08:00,free5gc-free5gc-udm-udm-7fbb989b5c-96rtv,81m,13Mi
2026-08-11T16:31:20+08:00,free5gc-free5gc-udr-udr-788647bbb4-jbz5f,38m,12Mi
2026-08-11T16:31:20+08:00,free5gc-free5gc-webui-webui-6785478d49-lwtrb,3m,12Mi
2026-08-11T16:31:20+08:00,mongodb-0,148m,82Mi
2026-08-11T16:31:23+08:00,dbpython-free5gc-dbpython-dbpython-7fb488c7fc-8vt7q,31m,0Mi
2026-08-11T16:31:23+08:00,free5gc-free5gc-amf-amf-58c4d7b8b8-b75xd,86m,32Mi
2026-08-11T16:31:23+08:00,free5gc-free5gc-ausf-ausf-789bbfb4df-zxmhg,71m,24Mi
2026-08-11T16:31:23+08:00,free5gc-free5gc-chf-chf-6f777c7ff8-8mxhq,39m,12Mi
2026-08-11T16:31:23+08:00,free5gc-free5gc-nef-nef-759f694c89-jh7pd,38m,7Mi
2026-08-11T16:31:23+08:00,free5gc-free5gc-nrf-nrf-5766464855-bm2nv,2m,12Mi
2026-08-11T16:31:23+08:00,free5gc-free5gc-nssf-nssf-7f7767dd45-tvbcj,39m,7Mi
2026-08-11T16:31:23+08:00,free5gc-free5gc-pcf-pcf-769b57775d-crzp7,63m,11Mi
2026-08-11T16:31:23+08:00,free5gc-free5gc-smf-smf-7d94c978bf-bzj5s,42m,10Mi
2026-08-11T16:31:23+08:00,free5gc-free5gc-udm-udm-7fbb989b5c-96rtv,81m,13Mi
2026-08-11T16:31:23+08:00,free5gc-free5gc-udr-udr-788647bbb4-jbz5f,38m,12Mi
2026-08-11T16:31:23+08:00,free5gc-free5gc-webui-webui-6785478d49-lwtrb,3m,12Mi
2026-08-11T16:31:23+08:00,mongodb-0,148m,82Mi
2026-08-11T16:31:25+08:00,dbpython-free5gc-dbpython-dbpython-7fb488c7fc-8vt7q,31m,0Mi
2026-08-11T16:31:25+08:00,free5gc-free5gc-amf-amf-58c4d7b8b8-b75xd,86m,32Mi
2026-08-11T16:31:25+08:00,free5gc-free5gc-ausf-ausf-789bbfb4df-zxmhg,71m,24Mi
2026-08-11T16:31:25+08:00,free5gc-free5gc-chf-chf-6f777c7ff8-8mxhq,39m,12Mi
2026-08-11T16:31:25+08:00,free5gc-free5gc-nef-nef-759f694c89-jh7pd,38m,7Mi
2026-08-11T16:31:25+08:00,free5gc-free5gc-nrf-nrf-5766464855-bm2nv,2m,12Mi
2026-08-11T16:31:25+08:00,free5gc-free5gc-nssf-nssf-7f7767dd45-tvbcj,39m,7Mi
2026-08-11T16:31:25+08:00,free5gc-free5gc-pcf-pcf-769b57775d-crzp7,63m,11Mi
2026-08-11T16:31:25+08:00,free5gc-free5gc-smf-smf-7d94c978bf-bzj5s,42m,10Mi
2026-08-11T16:31:25+08:00,free5gc-free5gc-udm-udm-7fbb989b5c-96rtv,81m,13Mi
2026-08-11T16:31:25+08:00,free5gc-free5gc-udr-udr-788647bbb4-jbz5f,38m,12Mi
2026-08-11T16:31:25+08:00,free5gc-free5gc-webui-webui-6785478d49-lwtrb,3m,12Mi
2026-08-11T16:31:25+08:00,mongodb-0,148m,82Mi
2026-08-11T16:31:27+08:00,dbpython-free5gc-dbpython-dbpython-7fb488c7fc-8vt7q,31m,0Mi
2026-08-11T16:31:27+08:00,free5gc-free5gc-amf-amf-58c4d7b8b8-b75xd,86m,32Mi
2026-08-11T16:31:27+08:00,free5gc-free5gc-ausf-ausf-789bbfb4df-zxmhg,71m,24Mi
2026-08-11T16:31:27+08:00,free5gc-free5gc-chf-chf-6f777c7ff8-8mxhq,39m,12Mi
2026-08-11T16:31:27+08:00,free5gc-free5gc-nef-nef-759f694c89-jh7pd,38m,7Mi
2026-08-11T16:31:27+08:00,free5gc-free5gc-nrf-nrf-5766464855-bm2nv,2m,12Mi
2026-08-11T16:31:27+08:00,free5gc-free5gc-nssf-nssf-7f7767dd45-tvbcj,39m,7Mi
2026-08-11T16:31:27+08:00,free5gc-free5gc-pcf-pcf-769b57775d-crzp7,63m,11Mi
2026-08-11T16:31:27+08:00,free5gc-free5gc-smf-smf-7d94c978bf-bzj5s,42m,10Mi
2026-08-11T16:31:27+08:00,free5gc-free5gc-udm-udm-7fbb989b5c-96rtv,81m,13Mi
2026-08-11T16:31:27+08:00,free5gc-free5gc-udr-udr-788647bbb4-jbz5f,38m,12Mi
2026-08-11T16:31:27+08:00,free5gc-free5gc-webui-webui-6785478d49-lwtrb,3m,12Mi
2026-08-11T16:31:27+08:00,mongodb-0,148m,82Mi
2026-08-11T16:31:29+08:00,dbpython-free5gc-dbpython-dbpython-7fb488c7fc-8vt7q,31m,0Mi
2026-08-11T16:31:29+08:00,free5gc-free5gc-amf-amf-58c4d7b8b8-b75xd,86m,32Mi
2026-08-11T16:31:29+08:00,free5gc-free5gc-ausf-ausf-789bbfb4df-zxmhg,71m,24Mi
2026-08-11T16:31:29+08:00,free5gc-free5gc-chf-chf-6f777c7ff8-8mxhq,39m,12Mi
2026-08-11T16:31:29+08:00,free5gc-free5gc-nef-nef-759f694c89-jh7pd,38m,7Mi
2026-08-11T16:31:29+08:00,free5gc-free5gc-nrf-nrf-5766464855-bm2nv,2m,12Mi
2026-08-11T16:31:29+08:00,free5gc-free5gc-nssf-nssf-7f7767dd45-tvbcj,39m,7Mi
2026-08-11T16:31:29+08:00,free5gc-free5gc-pcf-pcf-769b57775d-crzp7,63m,11Mi
2026-08-11T16:31:29+08:00,free5gc-free5gc-smf-smf-7d94c978bf-bzj5s,42m,10Mi
2026-08-11T16:31:29+08:00,free5gc-free5gc-udm-udm-7fbb989b5c-96rtv,81m,13Mi
2026-08-11T16:31:29+08:00,free5gc-free5gc-udr-udr-788647bbb4-jbz5f,38m,12Mi
2026-08-11T16:31:29+08:00,free5gc-free5gc-webui-webui-6785478d49-lwtrb,3m,12Mi
2026-08-11T16:31:29+08:00,mongodb-0,148m,82Mi
2026-08-11T16:31:31+08:00,dbpython-free5gc-dbpython-dbpython-7fb488c7fc-8vt7q,31m,0Mi
2026-08-11T16:31:31+08:00,free5gc-free5gc-amf-amf-58c4d7b8b8-b75xd,86m,32Mi
2026-08-11T16:31:31+08:00,free5gc-free5gc-ausf-ausf-789bbfb4df-zxmhg,71m,24Mi
2026-08-11T16:31:31+08:00,free5gc-free5gc-chf-chf-6f777c7ff8-8mxhq,39m,12Mi
2026-08-11T16:31:31+08:00,free5gc-free5gc-nef-nef-759f694c89-jh7pd,38m,7Mi
2026-08-11T16:31:31+08:00,free5gc-free5gc-nrf-nrf-5766464855-bm2nv,2m,12Mi
2026-08-11T16:31:31+08:00,free5gc-free5gc-nssf-nssf-7f7767dd45-tvbcj,39m,7Mi
2026-08-11T16:31:31+08:00,free5gc-free5gc-pcf-pcf-769b57775d-crzp7,63m,11Mi
2026-08-11T16:31:31+08:00,free5gc-free5gc-smf-smf-7d94c978bf-bzj5s,42m,10Mi
2026-08-11T16:31:31+08:00,free5gc-free5gc-udm-udm-7fbb989b5c-96rtv,81m,13Mi
2026-08-11T16:31:31+08:00,free5gc-free5gc-udr-udr-788647bbb4-jbz5f,38m,12Mi
2026-08-11T16:31:31+08:00,free5gc-free5gc-webui-webui-6785478d49-lwtrb,3m,12Mi
2026-08-11T16:31:31+08:00,mongodb-0,148m,82Mi
2026-08-11T16:31:33+08:00,dbpython-free5gc-dbpython-dbpython-7fb488c7fc-8vt7q,27m,0Mi
2026-08-11T16:31:33+08:00,free5gc-free5gc-amf-amf-58c4d7b8b8-b75xd,38m,32Mi
2026-08-11T16:31:33+08:00,free5gc-free5gc-ausf-ausf-789bbfb4df-zxmhg,41m,20Mi
2026-08-11T16:31:33+08:00,free5gc-free5gc-chf-chf-6f777c7ff8-8mxhq,41m,12Mi
2026-08-11T16:31:33+08:00,free5gc-free5gc-nef-nef-759f694c89-jh7pd,39m,7Mi
2026-08-11T16:31:33+08:00,free5gc-free5gc-nrf-nrf-5766464855-bm2nv,2m,12Mi
2026-08-11T16:31:33+08:00,free5gc-free5gc-nssf-nssf-7f7767dd45-tvbcj,39m,7Mi
2026-08-11T16:31:33+08:00,free5gc-free5gc-pcf-pcf-769b57775d-crzp7,42m,11Mi
2026-08-11T16:31:33+08:00,free5gc-free5gc-smf-smf-7d94c978bf-bzj5s,42m,10Mi
2026-08-11T16:31:33+08:00,free5gc-free5gc-udm-udm-7fbb989b5c-96rtv,42m,13Mi
2026-08-11T16:31:33+08:00,free5gc-free5gc-udr-udr-788647bbb4-jbz5f,38m,12Mi
2026-08-11T16:31:33+08:00,free5gc-free5gc-webui-webui-6785478d49-lwtrb,3m,12Mi
2026-08-11T16:31:33+08:00,mongodb-0,145m,82Mi
2026-08-11T16:31:35+08:00,dbpython-free5gc-dbpython-dbpython-7fb488c7fc-8vt7q,27m,0Mi
2026-08-11T16:31:35+08:00,free5gc-free5gc-amf-amf-58c4d7b8b8-b75xd,38m,32Mi
2026-08-11T16:31:35+08:00,free5gc-free5gc-ausf-ausf-789bbfb4df-zxmhg,41m,20Mi
2026-08-11T16:31:35+08:00,free5gc-free5gc-chf-chf-6f777c7ff8-8mxhq,41m,12Mi
2026-08-11T16:31:35+08:00,free5gc-free5gc-nef-nef-759f694c89-jh7pd,39m,7Mi
2026-08-11T16:31:35+08:00,free5gc-free5gc-nrf-nrf-5766464855-bm2nv,2m,12Mi
2026-08-11T16:31:35+08:00,free5gc-free5gc-nssf-nssf-7f7767dd45-tvbcj,39m,7Mi
2026-08-11T16:31:35+08:00,free5gc-free5gc-pcf-pcf-769b57775d-crzp7,42m,11Mi
2026-08-11T16:31:35+08:00,free5gc-free5gc-smf-smf-7d94c978bf-bzj5s,42m,10Mi
2026-08-11T16:31:35+08:00,free5gc-free5gc-udm-udm-7fbb989b5c-96rtv,42m,13Mi
2026-08-11T16:31:35+08:00,free5gc-free5gc-udr-udr-788647bbb4-jbz5f,38m,12Mi
2026-08-11T16:31:35+08:00,free5gc-free5gc-webui-webui-6785478d49-lwtrb,3m,12Mi
2026-08-11T16:31:35+08:00,mongodb-0,145m,82Mi
2026-08-11T16:31:38+08:00,dbpython-free5gc-dbpython-dbpython-7fb488c7fc-8vt7q,27m,0Mi
2026-08-11T16:31:38+08:00,free5gc-free5gc-amf-amf-58c4d7b8b8-b75xd,38m,32Mi
2026-08-11T16:31:38+08:00,free5gc-free5gc-ausf-ausf-789bbfb4df-zxmhg,41m,20Mi
2026-08-11T16:31:38+08:00,free5gc-free5gc-chf-chf-6f777c7ff8-8mxhq,41m,12Mi
2026-08-11T16:31:38+08:00,free5gc-free5gc-nef-nef-759f694c89-jh7pd,39m,7Mi
2026-08-11T16:31:38+08:00,free5gc-free5gc-nrf-nrf-5766464855-bm2nv,2m,12Mi
2026-08-11T16:31:38+08:00,free5gc-free5gc-nssf-nssf-7f7767dd45-tvbcj,39m,7Mi
2026-08-11T16:31:38+08:00,free5gc-free5gc-pcf-pcf-769b57775d-crzp7,42m,11Mi
2026-08-11T16:31:38+08:00,free5gc-free5gc-smf-smf-7d94c978bf-bzj5s,42m,10Mi
2026-08-11T16:31:38+08:00,free5gc-free5gc-udm-udm-7fbb989b5c-96rtv,42m,13Mi
2026-08-11T16:31:38+08:00,free5gc-free5gc-udr-udr-788647bbb4-jbz5f,38m,12Mi
2026-08-11T16:31:38+08:00,free5gc-free5gc-webui-webui-6785478d49-lwtrb,3m,12Mi
2026-08-11T16:31:38+08:00,mongodb-0,145m,82Mi
2026-08-11T16:31:40+08:00,dbpython-free5gc-dbpython-dbpython-7fb488c7fc-8vt7q,27m,0Mi
2026-08-11T16:31:40+08:00,free5gc-free5gc-amf-amf-58c4d7b8b8-b75xd,38m,32Mi
2026-08-11T16:31:40+08:00,free5gc-free5gc-ausf-ausf-789bbfb4df-zxmhg,41m,20Mi
2026-08-11T16:31:40+08:00,free5gc-free5gc-chf-chf-6f777c7ff8-8mxhq,41m,12Mi
2026-08-11T16:31:40+08:00,free5gc-free5gc-nef-nef-759f694c89-jh7pd,39m,7Mi
2026-08-11T16:31:40+08:00,free5gc-free5gc-nrf-nrf-5766464855-bm2nv,2m,12Mi
2026-08-11T16:31:40+08:00,free5gc-free5gc-nssf-nssf-7f7767dd45-tvbcj,39m,7Mi
2026-08-11T16:31:40+08:00,free5gc-free5gc-pcf-pcf-769b57775d-crzp7,42m,11Mi
2026-08-11T16:31:40+08:00,free5gc-free5gc-smf-smf-7d94c978bf-bzj5s,42m,10Mi
2026-08-11T16:31:40+08:00,free5gc-free5gc-udm-udm-7fbb989b5c-96rtv,42m,13Mi
2026-08-11T16:31:40+08:00,free5gc-free5gc-udr-udr-788647bbb4-jbz5f,38m,12Mi
2026-08-11T16:31:40+08:00,free5gc-free5gc-webui-webui-6785478d49-lwtrb,3m,12Mi
2026-08-11T16:31:40+08:00,mongodb-0,145m,82Mi
2026-08-11T16:31:42+08:00,dbpython-free5gc-dbpython-dbpython-7fb488c7fc-8vt7q,27m,0Mi
2026-08-11T16:31:42+08:00,free5gc-free5gc-amf-amf-58c4d7b8b8-b75xd,38m,32Mi
2026-08-11T16:31:42+08:00,free5gc-free5gc-ausf-ausf-789bbfb4df-zxmhg,41m,20Mi
2026-08-11T16:31:42+08:00,free5gc-free5gc-chf-chf-6f777c7ff8-8mxhq,41m,12Mi
2026-08-11T16:31:42+08:00,free5gc-free5gc-nef-nef-759f694c89-jh7pd,39m,7Mi
2026-08-11T16:31:42+08:00,free5gc-free5gc-nrf-nrf-5766464855-bm2nv,2m,12Mi
2026-08-11T16:31:42+08:00,free5gc-free5gc-nssf-nssf-7f7767dd45-tvbcj,39m,7Mi
2026-08-11T16:31:42+08:00,free5gc-free5gc-pcf-pcf-769b57775d-crzp7,42m,11Mi
2026-08-11T16:31:42+08:00,free5gc-free5gc-smf-smf-7d94c978bf-bzj5s,42m,10Mi
2026-08-11T16:31:42+08:00,free5gc-free5gc-udm-udm-7fbb989b5c-96rtv,42m,13Mi
2026-08-11T16:31:42+08:00,free5gc-free5gc-udr-udr-788647bbb4-jbz5f,38m,12Mi
2026-08-11T16:31:42+08:00,free5gc-free5gc-webui-webui-6785478d49-lwtrb,3m,12Mi
2026-08-11T16:31:42+08:00,mongodb-0,145m,82Mi
2026-08-11T16:31:44+08:00,dbpython-free5gc-dbpython-dbpython-7fb488c7fc-8vt7q,27m,0Mi
2026-08-11T16:31:44+08:00,free5gc-free5gc-amf-amf-58c4d7b8b8-b75xd,38m,32Mi
2026-08-11T16:31:44+08:00,free5gc-free5gc-ausf-ausf-789bbfb4df-zxmhg,41m,20Mi
2026-08-11T16:31:44+08:00,free5gc-free5gc-chf-chf-6f777c7ff8-8mxhq,41m,12Mi
2026-08-11T16:31:44+08:00,free5gc-free5gc-nef-nef-759f694c89-jh7pd,39m,7Mi
2026-08-11T16:31:44+08:00,free5gc-free5gc-nrf-nrf-5766464855-bm2nv,2m,12Mi
2026-08-11T16:31:44+08:00,free5gc-free5gc-nssf-nssf-7f7767dd45-tvbcj,39m,7Mi
2026-08-11T16:31:44+08:00,free5gc-free5gc-pcf-pcf-769b57775d-crzp7,42m,11Mi
2026-08-11T16:31:44+08:00,free5gc-free5gc-smf-smf-7d94c978bf-bzj5s,42m,10Mi
2026-08-11T16:31:44+08:00,free5gc-free5gc-udm-udm-7fbb989b5c-96rtv,42m,13Mi
2026-08-11T16:31:44+08:00,free5gc-free5gc-udr-udr-788647bbb4-jbz5f,38m,12Mi
2026-08-11T16:31:44+08:00,free5gc-free5gc-webui-webui-6785478d49-lwtrb,3m,12Mi
2026-08-11T16:31:44+08:00,mongodb-0,145m,82Mi
2026-08-11T16:31:46+08:00,dbpython-free5gc-dbpython-dbpython-7fb488c7fc-8vt7q,28m,0Mi
2026-08-11T16:31:46+08:00,free5gc-free5gc-amf-amf-58c4d7b8b8-b75xd,41m,17Mi
2026-08-11T16:31:46+08:00,free5gc-free5gc-ausf-ausf-789bbfb4df-zxmhg,41m,20Mi
2026-08-11T16:31:46+08:00,free5gc-free5gc-chf-chf-6f777c7ff8-8mxhq,38m,12Mi
2026-08-11T16:31:46+08:00,free5gc-free5gc-nef-nef-759f694c89-jh7pd,36m,7Mi
2026-08-11T16:31:46+08:00,free5gc-free5gc-nrf-nrf-5766464855-bm2nv,2m,12Mi
2026-08-11T16:31:46+08:00,free5gc-free5gc-nssf-nssf-7f7767dd45-tvbcj,40m,7Mi
2026-08-11T16:31:46+08:00,free5gc-free5gc-pcf-pcf-769b57775d-crzp7,41m,11Mi
2026-08-11T16:31:46+08:00,free5gc-free5gc-smf-smf-7d94c978bf-bzj5s,40m,10Mi
2026-08-11T16:31:46+08:00,free5gc-free5gc-udm-udm-7fbb989b5c-96rtv,40m,13Mi
2026-08-11T16:31:46+08:00,free5gc-free5gc-udr-udr-788647bbb4-jbz5f,38m,16Mi
2026-08-11T16:31:46+08:00,free5gc-free5gc-webui-webui-6785478d49-lwtrb,2m,12Mi
2026-08-11T16:31:46+08:00,mongodb-0,139m,82Mi
2026-08-11T16:31:48+08:00,dbpython-free5gc-dbpython-dbpython-7fb488c7fc-8vt7q,28m,0Mi
2026-08-11T16:31:48+08:00,free5gc-free5gc-amf-amf-58c4d7b8b8-b75xd,41m,17Mi
2026-08-11T16:31:48+08:00,free5gc-free5gc-ausf-ausf-789bbfb4df-zxmhg,41m,20Mi
2026-08-11T16:31:48+08:00,free5gc-free5gc-chf-chf-6f777c7ff8-8mxhq,38m,12Mi
2026-08-11T16:31:48+08:00,free5gc-free5gc-nef-nef-759f694c89-jh7pd,36m,7Mi
2026-08-11T16:31:48+08:00,free5gc-free5gc-nrf-nrf-5766464855-bm2nv,2m,12Mi
2026-08-11T16:31:48+08:00,free5gc-free5gc-nssf-nssf-7f7767dd45-tvbcj,40m,7Mi
2026-08-11T16:31:48+08:00,free5gc-free5gc-pcf-pcf-769b57775d-crzp7,41m,11Mi
2026-08-11T16:31:48+08:00,free5gc-free5gc-smf-smf-7d94c978bf-bzj5s,40m,10Mi
2026-08-11T16:31:48+08:00,free5gc-free5gc-udm-udm-7fbb989b5c-96rtv,40m,13Mi
2026-08-11T16:31:48+08:00,free5gc-free5gc-udr-udr-788647bbb4-jbz5f,38m,16Mi
2026-08-11T16:31:48+08:00,free5gc-free5gc-webui-webui-6785478d49-lwtrb,2m,12Mi
2026-08-11T16:31:48+08:00,mongodb-0,139m,82Mi
2026-08-11T16:31:51+08:00,dbpython-free5gc-dbpython-dbpython-7fb488c7fc-8vt7q,28m,0Mi
2026-08-11T16:31:51+08:00,free5gc-free5gc-amf-amf-58c4d7b8b8-b75xd,41m,17Mi
2026-08-11T16:31:51+08:00,free5gc-free5gc-ausf-ausf-789bbfb4df-zxmhg,41m,20Mi
2026-08-11T16:31:51+08:00,free5gc-free5gc-chf-chf-6f777c7ff8-8mxhq,38m,12Mi
2026-08-11T16:31:51+08:00,free5gc-free5gc-nef-nef-759f694c89-jh7pd,36m,7Mi
2026-08-11T16:31:51+08:00,free5gc-free5gc-nrf-nrf-5766464855-bm2nv,2m,12Mi
2026-08-11T16:31:51+08:00,free5gc-free5gc-nssf-nssf-7f7767dd45-tvbcj,40m,7Mi
2026-08-11T16:31:51+08:00,free5gc-free5gc-pcf-pcf-769b57775d-crzp7,41m,11Mi
2026-08-11T16:31:51+08:00,free5gc-free5gc-smf-smf-7d94c978bf-bzj5s,40m,10Mi
2026-08-11T16:31:51+08:00,free5gc-free5gc-udm-udm-7fbb989b5c-96rtv,40m,13Mi
2026-08-11T16:31:51+08:00,free5gc-free5gc-udr-udr-788647bbb4-jbz5f,38m,16Mi
2026-08-11T16:31:51+08:00,free5gc-free5gc-webui-webui-6785478d49-lwtrb,2m,12Mi
2026-08-11T16:31:51+08:00,mongodb-0,139m,82Mi
2026-08-11T16:31:53+08:00,dbpython-free5gc-dbpython-dbpython-7fb488c7fc-8vt7q,28m,0Mi
2026-08-11T16:31:53+08:00,free5gc-free5gc-amf-amf-58c4d7b8b8-b75xd,41m,17Mi
2026-08-11T16:31:53+08:00,free5gc-free5gc-ausf-ausf-789bbfb4df-zxmhg,41m,20Mi
2026-08-11T16:31:53+08:00,free5gc-free5gc-chf-chf-6f777c7ff8-8mxhq,38m,12Mi
2026-08-11T16:31:53+08:00,free5gc-free5gc-nef-nef-759f694c89-jh7pd,36m,7Mi
2026-08-11T16:31:53+08:00,free5gc-free5gc-nrf-nrf-5766464855-bm2nv,2m,12Mi
2026-08-11T16:31:53+08:00,free5gc-free5gc-nssf-nssf-7f7767dd45-tvbcj,40m,7Mi
2026-08-11T16:31:53+08:00,free5gc-free5gc-pcf-pcf-769b57775d-crzp7,41m,11Mi
2026-08-11T16:31:53+08:00,free5gc-free5gc-smf-smf-7d94c978bf-bzj5s,40m,10Mi
2026-08-11T16:31:53+08:00,free5gc-free5gc-udm-udm-7fbb989b5c-96rtv,40m,13Mi
2026-08-11T16:31:53+08:00,free5gc-free5gc-udr-udr-788647bbb4-jbz5f,38m,16Mi
2026-08-11T16:31:53+08:00,free5gc-free5gc-webui-webui-6785478d49-lwtrb,2m,12Mi
2026-08-11T16:31:53+08:00,mongodb-0,139m,82Mi
2026-08-11T16:31:55+08:00,dbpython-free5gc-dbpython-dbpython-7fb488c7fc-8vt7q,28m,0Mi
2026-08-11T16:31:55+08:00,free5gc-free5gc-amf-amf-58c4d7b8b8-b75xd,41m,17Mi
2026-08-11T16:31:55+08:00,free5gc-free5gc-ausf-ausf-789bbfb4df-zxmhg,41m,20Mi
2026-08-11T16:31:55+08:00,free5gc-free5gc-chf-chf-6f777c7ff8-8mxhq,38m,12Mi
2026-08-11T16:31:55+08:00,free5gc-free5gc-nef-nef-759f694c89-jh7pd,36m,7Mi
2026-08-11T16:31:55+08:00,free5gc-free5gc-nrf-nrf-5766464855-bm2nv,2m,12Mi
2026-08-11T16:31:55+08:00,free5gc-free5gc-nssf-nssf-7f7767dd45-tvbcj,40m,7Mi
2026-08-11T16:31:55+08:00,free5gc-free5gc-pcf-pcf-769b57775d-crzp7,41m,11Mi
2026-08-11T16:31:55+08:00,free5gc-free5gc-smf-smf-7d94c978bf-bzj5s,40m,10Mi
2026-08-11T16:31:55+08:00,free5gc-free5gc-udm-udm-7fbb989b5c-96rtv,40m,13Mi
2026-08-11T16:31:55+08:00,free5gc-free5gc-udr-udr-788647bbb4-jbz5f,38m,16Mi
2026-08-11T16:31:55+08:00,free5gc-free5gc-webui-webui-6785478d49-lwtrb,2m,12Mi
2026-08-11T16:31:55+08:00,mongodb-0,139m,82Mi
2026-08-11T16:31:57+08:00,dbpython-free5gc-dbpython-dbpython-7fb488c7fc-8vt7q,28m,0Mi
2026-08-11T16:31:57+08:00,free5gc-free5gc-amf-amf-58c4d7b8b8-b75xd,41m,17Mi
2026-08-11T16:31:57+08:00,free5gc-free5gc-ausf-ausf-789bbfb4df-zxmhg,41m,20Mi
2026-08-11T16:31:57+08:00,free5gc-free5gc-chf-chf-6f777c7ff8-8mxhq,38m,12Mi
2026-08-11T16:31:57+08:00,free5gc-free5gc-nef-nef-759f694c89-jh7pd,36m,7Mi
2026-08-11T16:31:57+08:00,free5gc-free5gc-nrf-nrf-5766464855-bm2nv,2m,12Mi
2026-08-11T16:31:57+08:00,free5gc-free5gc-nssf-nssf-7f7767dd45-tvbcj,40m,7Mi
2026-08-11T16:31:57+08:00,free5gc-free5gc-pcf-pcf-769b57775d-crzp7,41m,11Mi
2026-08-11T16:31:57+08:00,free5gc-free5gc-smf-smf-7d94c978bf-bzj5s,40m,10Mi
2026-08-11T16:31:57+08:00,free5gc-free5gc-udm-udm-7fbb989b5c-96rtv,40m,13Mi
2026-08-11T16:31:57+08:00,free5gc-free5gc-udr-udr-788647bbb4-jbz5f,38m,16Mi
2026-08-11T16:31:57+08:00,free5gc-free5gc-webui-webui-6785478d49-lwtrb,2m,12Mi
2026-08-11T16:31:57+08:00,mongodb-0,139m,82Mi
2026-08-11T16:31:59+08:00,dbpython-free5gc-dbpython-dbpython-7fb488c7fc-8vt7q,28m,0Mi
2026-08-11T16:31:59+08:00,free5gc-free5gc-amf-amf-58c4d7b8b8-b75xd,41m,17Mi
2026-08-11T16:31:59+08:00,free5gc-free5gc-ausf-ausf-789bbfb4df-zxmhg,41m,20Mi
2026-08-11T16:31:59+08:00,free5gc-free5gc-chf-chf-6f777c7ff8-8mxhq,38m,12Mi
2026-08-11T16:31:59+08:00,free5gc-free5gc-nef-nef-759f694c89-jh7pd,36m,7Mi
2026-08-11T16:31:59+08:00,free5gc-free5gc-nrf-nrf-5766464855-bm2nv,2m,12Mi
2026-08-11T16:31:59+08:00,free5gc-free5gc-nssf-nssf-7f7767dd45-tvbcj,40m,7Mi
2026-08-11T16:31:59+08:00,free5gc-free5gc-pcf-pcf-769b57775d-crzp7,41m,11Mi
2026-08-11T16:31:59+08:00,free5gc-free5gc-smf-smf-7d94c978bf-bzj5s,40m,10Mi
2026-08-11T16:31:59+08:00,free5gc-free5gc-udm-udm-7fbb989b5c-96rtv,40m,13Mi
2026-08-11T16:31:59+08:00,free5gc-free5gc-udr-udr-788647bbb4-jbz5f,38m,16Mi
2026-08-11T16:31:59+08:00,free5gc-free5gc-webui-webui-6785478d49-lwtrb,2m,12Mi
2026-08-11T16:31:59+08:00,mongodb-0,139m,82Mi
2026-08-11T16:32:01+08:00,dbpython-free5gc-dbpython-dbpython-7fb488c7fc-8vt7q,27m,0Mi
2026-08-11T16:32:01+08:00,free5gc-free5gc-amf-amf-58c4d7b8b8-b75xd,42m,17Mi
2026-08-11T16:32:01+08:00,free5gc-free5gc-ausf-ausf-789bbfb4df-zxmhg,40m,20Mi
2026-08-11T16:32:01+08:00,free5gc-free5gc-chf-chf-6f777c7ff8-8mxhq,37m,12Mi
2026-08-11T16:32:01+08:00,free5gc-free5gc-nef-nef-759f694c89-jh7pd,41m,7Mi
2026-08-11T16:32:01+08:00,free5gc-free5gc-nrf-nrf-5766464855-bm2nv,2m,12Mi
2026-08-11T16:32:01+08:00,free5gc-free5gc-nssf-nssf-7f7767dd45-tvbcj,39m,7Mi
2026-08-11T16:32:01+08:00,free5gc-free5gc-pcf-pcf-769b57775d-crzp7,39m,11Mi
2026-08-11T16:32:01+08:00,free5gc-free5gc-smf-smf-7d94c978bf-bzj5s,40m,10Mi
2026-08-11T16:32:01+08:00,free5gc-free5gc-udm-udm-7fbb989b5c-96rtv,41m,13Mi
2026-08-11T16:32:01+08:00,free5gc-free5gc-udr-udr-788647bbb4-jbz5f,38m,12Mi
2026-08-11T16:32:01+08:00,free5gc-free5gc-webui-webui-6785478d49-lwtrb,3m,12Mi
2026-08-11T16:32:01+08:00,mongodb-0,151m,82Mi
2026-08-11T16:32:03+08:00,dbpython-free5gc-dbpython-dbpython-7fb488c7fc-8vt7q,27m,0Mi
2026-08-11T16:32:03+08:00,free5gc-free5gc-amf-amf-58c4d7b8b8-b75xd,42m,17Mi
2026-08-11T16:32:03+08:00,free5gc-free5gc-ausf-ausf-789bbfb4df-zxmhg,40m,20Mi
2026-08-11T16:32:03+08:00,free5gc-free5gc-chf-chf-6f777c7ff8-8mxhq,37m,12Mi
2026-08-11T16:32:03+08:00,free5gc-free5gc-nef-nef-759f694c89-jh7pd,41m,7Mi
2026-08-11T16:32:03+08:00,free5gc-free5gc-nrf-nrf-5766464855-bm2nv,2m,12Mi
2026-08-11T16:32:03+08:00,free5gc-free5gc-nssf-nssf-7f7767dd45-tvbcj,39m,7Mi
2026-08-11T16:32:03+08:00,free5gc-free5gc-pcf-pcf-769b57775d-crzp7,39m,11Mi
2026-08-11T16:32:03+08:00,free5gc-free5gc-smf-smf-7d94c978bf-bzj5s,40m,10Mi
2026-08-11T16:32:03+08:00,free5gc-free5gc-udm-udm-7fbb989b5c-96rtv,41m,13Mi
2026-08-11T16:32:03+08:00,free5gc-free5gc-udr-udr-788647bbb4-jbz5f,38m,12Mi
2026-08-11T16:32:03+08:00,free5gc-free5gc-webui-webui-6785478d49-lwtrb,3m,12Mi
2026-08-11T16:32:03+08:00,mongodb-0,151m,82Mi
2026-08-11T16:32:06+08:00,dbpython-free5gc-dbpython-dbpython-7fb488c7fc-8vt7q,27m,0Mi
2026-08-11T16:32:06+08:00,free5gc-free5gc-amf-amf-58c4d7b8b8-b75xd,42m,17Mi
2026-08-11T16:32:06+08:00,free5gc-free5gc-ausf-ausf-789bbfb4df-zxmhg,40m,20Mi
2026-08-11T16:32:06+08:00,free5gc-free5gc-chf-chf-6f777c7ff8-8mxhq,37m,12Mi
2026-08-11T16:32:06+08:00,free5gc-free5gc-nef-nef-759f694c89-jh7pd,41m,7Mi
2026-08-11T16:32:06+08:00,free5gc-free5gc-nrf-nrf-5766464855-bm2nv,2m,12Mi
2026-08-11T16:32:06+08:00,free5gc-free5gc-nssf-nssf-7f7767dd45-tvbcj,39m,7Mi
2026-08-11T16:32:06+08:00,free5gc-free5gc-pcf-pcf-769b57775d-crzp7,39m,11Mi
2026-08-11T16:32:06+08:00,free5gc-free5gc-smf-smf-7d94c978bf-bzj5s,40m,10Mi
2026-08-11T16:32:06+08:00,free5gc-free5gc-udm-udm-7fbb989b5c-96rtv,41m,13Mi
2026-08-11T16:32:06+08:00,free5gc-free5gc-udr-udr-788647bbb4-jbz5f,38m,12Mi
2026-08-11T16:32:06+08:00,free5gc-free5gc-webui-webui-6785478d49-lwtrb,3m,12Mi
2026-08-11T16:32:06+08:00,mongodb-0,151m,82Mi
2026-08-11T16:32:08+08:00,dbpython-free5gc-dbpython-dbpython-7fb488c7fc-8vt7q,27m,0Mi
2026-08-11T16:32:08+08:00,free5gc-free5gc-amf-amf-58c4d7b8b8-b75xd,42m,17Mi
2026-08-11T16:32:08+08:00,free5gc-free5gc-ausf-ausf-789bbfb4df-zxmhg,40m,20Mi
2026-08-11T16:32:08+08:00,free5gc-free5gc-chf-chf-6f777c7ff8-8mxhq,37m,12Mi
2026-08-11T16:32:08+08:00,free5gc-free5gc-nef-nef-759f694c89-jh7pd,41m,7Mi
2026-08-11T16:32:08+08:00,free5gc-free5gc-nrf-nrf-5766464855-bm2nv,2m,12Mi
2026-08-11T16:32:08+08:00,free5gc-free5gc-nssf-nssf-7f7767dd45-tvbcj,39m,7Mi
2026-08-11T16:32:08+08:00,free5gc-free5gc-pcf-pcf-769b57775d-crzp7,39m,11Mi
2026-08-11T16:32:08+08:00,free5gc-free5gc-smf-smf-7d94c978bf-bzj5s,40m,10Mi
2026-08-11T16:32:08+08:00,free5gc-free5gc-udm-udm-7fbb989b5c-96rtv,41m,13Mi
2026-08-11T16:32:08+08:00,free5gc-free5gc-udr-udr-788647bbb4-jbz5f,38m,12Mi
2026-08-11T16:32:08+08:00,free5gc-free5gc-webui-webui-6785478d49-lwtrb,3m,12Mi
2026-08-11T16:32:08+08:00,mongodb-0,151m,82Mi
2026-08-11T16:32:10+08:00,dbpython-free5gc-dbpython-dbpython-7fb488c7fc-8vt7q,27m,0Mi
2026-08-11T16:32:10+08:00,free5gc-free5gc-amf-amf-58c4d7b8b8-b75xd,42m,17Mi
2026-08-11T16:32:10+08:00,free5gc-free5gc-ausf-ausf-789bbfb4df-zxmhg,40m,20Mi
2026-08-11T16:32:10+08:00,free5gc-free5gc-chf-chf-6f777c7ff8-8mxhq,37m,12Mi
2026-08-11T16:32:10+08:00,free5gc-free5gc-nef-nef-759f694c89-jh7pd,41m,7Mi
2026-08-11T16:32:10+08:00,free5gc-free5gc-nrf-nrf-5766464855-bm2nv,2m,12Mi
2026-08-11T16:32:10+08:00,free5gc-free5gc-nssf-nssf-7f7767dd45-tvbcj,39m,7Mi
2026-08-11T16:32:10+08:00,free5gc-free5gc-pcf-pcf-769b57775d-crzp7,39m,11Mi
2026-08-11T16:32:10+08:00,free5gc-free5gc-smf-smf-7d94c978bf-bzj5s,40m,10Mi
2026-08-11T16:32:10+08:00,free5gc-free5gc-udm-udm-7fbb989b5c-96rtv,41m,13Mi
2026-08-11T16:32:10+08:00,free5gc-free5gc-udr-udr-788647bbb4-jbz5f,38m,12Mi
2026-08-11T16:32:10+08:00,free5gc-free5gc-webui-webui-6785478d49-lwtrb,3m,12Mi
2026-08-11T16:32:10+08:00,mongodb-0,151m,82Mi
2026-08-11T16:32:12+08:00,dbpython-free5gc-dbpython-dbpython-7fb488c7fc-8vt7q,27m,0Mi
2026-08-11T16:32:12+08:00,free5gc-free5gc-amf-amf-58c4d7b8b8-b75xd,42m,17Mi
2026-08-11T16:32:12+08:00,free5gc-free5gc-ausf-ausf-789bbfb4df-zxmhg,40m,20Mi
2026-08-11T16:32:12+08:00,free5gc-free5gc-chf-chf-6f777c7ff8-8mxhq,37m,12Mi
2026-08-11T16:32:12+08:00,free5gc-free5gc-nef-nef-759f694c89-jh7pd,41m,7Mi
2026-08-11T16:32:12+08:00,free5gc-free5gc-nrf-nrf-5766464855-bm2nv,2m,12Mi
2026-08-11T16:32:12+08:00,free5gc-free5gc-nssf-nssf-7f7767dd45-tvbcj,39m,7Mi
2026-08-11T16:32:12+08:00,free5gc-free5gc-pcf-pcf-769b57775d-crzp7,39m,11Mi
2026-08-11T16:32:12+08:00,free5gc-free5gc-smf-smf-7d94c978bf-bzj5s,40m,10Mi
2026-08-11T16:32:12+08:00,free5gc-free5gc-udm-udm-7fbb989b5c-96rtv,41m,13Mi
2026-08-11T16:32:12+08:00,free5gc-free5gc-udr-udr-788647bbb4-jbz5f,38m,12Mi
2026-08-11T16:32:12+08:00,free5gc-free5gc-webui-webui-6785478d49-lwtrb,3m,12Mi
2026-08-11T16:32:12+08:00,mongodb-0,151m,82Mi
2026-08-11T16:32:14+08:00,dbpython-free5gc-dbpython-dbpython-7fb488c7fc-8vt7q,27m,0Mi
2026-08-11T16:32:14+08:00,free5gc-free5gc-amf-amf-58c4d7b8b8-b75xd,42m,17Mi
2026-08-11T16:32:14+08:00,free5gc-free5gc-ausf-ausf-789bbfb4df-zxmhg,40m,20Mi
2026-08-11T16:32:14+08:00,free5gc-free5gc-chf-chf-6f777c7ff8-8mxhq,37m,12Mi
2026-08-11T16:32:14+08:00,free5gc-free5gc-nef-nef-759f694c89-jh7pd,41m,7Mi
2026-08-11T16:32:14+08:00,free5gc-free5gc-nrf-nrf-5766464855-bm2nv,2m,12Mi
2026-08-11T16:32:14+08:00,free5gc-free5gc-nssf-nssf-7f7767dd45-tvbcj,39m,7Mi
2026-08-11T16:32:14+08:00,free5gc-free5gc-pcf-pcf-769b57775d-crzp7,39m,11Mi
2026-08-11T16:32:14+08:00,free5gc-free5gc-smf-smf-7d94c978bf-bzj5s,40m,10Mi
2026-08-11T16:32:14+08:00,free5gc-free5gc-udm-udm-7fbb989b5c-96rtv,41m,13Mi
2026-08-11T16:32:14+08:00,free5gc-free5gc-udr-udr-788647bbb4-jbz5f,38m,12Mi
2026-08-11T16:32:14+08:00,free5gc-free5gc-webui-webui-6785478d49-lwtrb,3m,12Mi
2026-08-11T16:32:14+08:00,mongodb-0,151m,82Mi
2026-08-11T16:32:16+08:00,dbpython-free5gc-dbpython-dbpython-7fb488c7fc-8vt7q,27m,0Mi
2026-08-11T16:32:16+08:00,free5gc-free5gc-amf-amf-58c4d7b8b8-b75xd,39m,15Mi
2026-08-11T16:32:16+08:00,free5gc-free5gc-ausf-ausf-789bbfb4df-zxmhg,38m,20Mi
2026-08-11T16:32:16+08:00,free5gc-free5gc-chf-chf-6f777c7ff8-8mxhq,36m,12Mi
2026-08-11T16:32:16+08:00,free5gc-free5gc-nef-nef-759f694c89-jh7pd,35m,7Mi
2026-08-11T16:32:16+08:00,free5gc-free5gc-nrf-nrf-5766464855-bm2nv,2m,12Mi
2026-08-11T16:32:16+08:00,free5gc-free5gc-nssf-nssf-7f7767dd45-tvbcj,39m,7Mi
2026-08-11T16:32:16+08:00,free5gc-free5gc-pcf-pcf-769b57775d-crzp7,40m,11Mi
2026-08-11T16:32:16+08:00,free5gc-free5gc-smf-smf-7d94c978bf-bzj5s,42m,10Mi
2026-08-11T16:32:16+08:00,free5gc-free5gc-udm-udm-7fbb989b5c-96rtv,35m,13Mi
2026-08-11T16:32:16+08:00,free5gc-free5gc-udr-udr-788647bbb4-jbz5f,38m,12Mi
2026-08-11T16:32:16+08:00,free5gc-free5gc-webui-webui-6785478d49-lwtrb,2m,12Mi
2026-08-11T16:32:16+08:00,mongodb-0,151m,82Mi
2026-08-11T16:32:18+08:00,dbpython-free5gc-dbpython-dbpython-7fb488c7fc-8vt7q,27m,0Mi
2026-08-11T16:32:18+08:00,free5gc-free5gc-amf-amf-58c4d7b8b8-b75xd,39m,15Mi
2026-08-11T16:32:18+08:00,free5gc-free5gc-ausf-ausf-789bbfb4df-zxmhg,38m,20Mi
2026-08-11T16:32:18+08:00,free5gc-free5gc-chf-chf-6f777c7ff8-8mxhq,36m,12Mi
2026-08-11T16:32:18+08:00,free5gc-free5gc-nef-nef-759f694c89-jh7pd,35m,7Mi
2026-08-11T16:32:18+08:00,free5gc-free5gc-nrf-nrf-5766464855-bm2nv,2m,12Mi
2026-08-11T16:32:18+08:00,free5gc-free5gc-nssf-nssf-7f7767dd45-tvbcj,39m,7Mi
2026-08-11T16:32:18+08:00,free5gc-free5gc-pcf-pcf-769b57775d-crzp7,40m,11Mi
2026-08-11T16:32:18+08:00,free5gc-free5gc-smf-smf-7d94c978bf-bzj5s,42m,10Mi
2026-08-11T16:32:18+08:00,free5gc-free5gc-udm-udm-7fbb989b5c-96rtv,35m,13Mi
2026-08-11T16:32:18+08:00,free5gc-free5gc-udr-udr-788647bbb4-jbz5f,38m,12Mi
2026-08-11T16:32:18+08:00,free5gc-free5gc-webui-webui-6785478d49-lwtrb,2m,12Mi
2026-08-11T16:32:18+08:00,mongodb-0,151m,82Mi
2026-08-11T16:32:21+08:00,dbpython-free5gc-dbpython-dbpython-7fb488c7fc-8vt7q,27m,0Mi
2026-08-11T16:32:21+08:00,free5gc-free5gc-amf-amf-58c4d7b8b8-b75xd,39m,15Mi
2026-08-11T16:32:21+08:00,free5gc-free5gc-ausf-ausf-789bbfb4df-zxmhg,38m,20Mi
2026-08-11T16:32:21+08:00,free5gc-free5gc-chf-chf-6f777c7ff8-8mxhq,36m,12Mi
2026-08-11T16:32:21+08:00,free5gc-free5gc-nef-nef-759f694c89-jh7pd,35m,7Mi
2026-08-11T16:32:21+08:00,free5gc-free5gc-nrf-nrf-5766464855-bm2nv,2m,12Mi
2026-08-11T16:32:21+08:00,free5gc-free5gc-nssf-nssf-7f7767dd45-tvbcj,39m,7Mi
2026-08-11T16:32:21+08:00,free5gc-free5gc-pcf-pcf-769b57775d-crzp7,40m,11Mi
2026-08-11T16:32:21+08:00,free5gc-free5gc-smf-smf-7d94c978bf-bzj5s,42m,10Mi
2026-08-11T16:32:21+08:00,free5gc-free5gc-udm-udm-7fbb989b5c-96rtv,35m,13Mi
2026-08-11T16:32:21+08:00,free5gc-free5gc-udr-udr-788647bbb4-jbz5f,38m,12Mi
2026-08-11T16:32:21+08:00,free5gc-free5gc-webui-webui-6785478d49-lwtrb,2m,12Mi
2026-08-11T16:32:21+08:00,mongodb-0,151m,82Mi
2026-08-11T16:32:23+08:00,dbpython-free5gc-dbpython-dbpython-7fb488c7fc-8vt7q,27m,0Mi
2026-08-11T16:32:23+08:00,free5gc-free5gc-amf-amf-58c4d7b8b8-b75xd,39m,15Mi
2026-08-11T16:32:23+08:00,free5gc-free5gc-ausf-ausf-789bbfb4df-zxmhg,38m,20Mi
2026-08-11T16:32:23+08:00,free5gc-free5gc-chf-chf-6f777c7ff8-8mxhq,36m,12Mi
2026-08-11T16:32:23+08:00,free5gc-free5gc-nef-nef-759f694c89-jh7pd,35m,7Mi
2026-08-11T16:32:23+08:00,free5gc-free5gc-nrf-nrf-5766464855-bm2nv,2m,12Mi
2026-08-11T16:32:23+08:00,free5gc-free5gc-nssf-nssf-7f7767dd45-tvbcj,39m,7Mi
2026-08-11T16:32:23+08:00,free5gc-free5gc-pcf-pcf-769b57775d-crzp7,40m,11Mi
2026-08-11T16:32:23+08:00,free5gc-free5gc-smf-smf-7d94c978bf-bzj5s,42m,10Mi
2026-08-11T16:32:23+08:00,free5gc-free5gc-udm-udm-7fbb989b5c-96rtv,35m,13Mi
2026-08-11T16:32:23+08:00,free5gc-free5gc-udr-udr-788647bbb4-jbz5f,38m,12Mi
2026-08-11T16:32:23+08:00,free5gc-free5gc-webui-webui-6785478d49-lwtrb,2m,12Mi
2026-08-11T16:32:23+08:00,mongodb-0,151m,82Mi
2026-08-11T16:32:25+08:00,dbpython-free5gc-dbpython-dbpython-7fb488c7fc-8vt7q,27m,0Mi
2026-08-11T16:32:25+08:00,free5gc-free5gc-amf-amf-58c4d7b8b8-b75xd,39m,15Mi
2026-08-11T16:32:25+08:00,free5gc-free5gc-ausf-ausf-789bbfb4df-zxmhg,38m,20Mi
2026-08-11T16:32:25+08:00,free5gc-free5gc-chf-chf-6f777c7ff8-8mxhq,36m,12Mi
2026-08-11T16:32:25+08:00,free5gc-free5gc-nef-nef-759f694c89-jh7pd,35m,7Mi
2026-08-11T16:32:25+08:00,free5gc-free5gc-nrf-nrf-5766464855-bm2nv,2m,12Mi
2026-08-11T16:32:25+08:00,free5gc-free5gc-nssf-nssf-7f7767dd45-tvbcj,39m,7Mi
2026-08-11T16:32:25+08:00,free5gc-free5gc-pcf-pcf-769b57775d-crzp7,40m,11Mi
2026-08-11T16:32:25+08:00,free5gc-free5gc-smf-smf-7d94c978bf-bzj5s,42m,10Mi
2026-08-11T16:32:25+08:00,free5gc-free5gc-udm-udm-7fbb989b5c-96rtv,35m,13Mi
2026-08-11T16:32:25+08:00,free5gc-free5gc-udr-udr-788647bbb4-jbz5f,38m,12Mi
2026-08-11T16:32:25+08:00,free5gc-free5gc-webui-webui-6785478d49-lwtrb,2m,12Mi
2026-08-11T16:32:25+08:00,mongodb-0,151m,82Mi
2026-08-11T16:32:27+08:00,dbpython-free5gc-dbpython-dbpython-7fb488c7fc-8vt7q,27m,0Mi
2026-08-11T16:32:27+08:00,free5gc-free5gc-amf-amf-58c4d7b8b8-b75xd,39m,15Mi
2026-08-11T16:32:27+08:00,free5gc-free5gc-ausf-ausf-789bbfb4df-zxmhg,38m,20Mi
2026-08-11T16:32:27+08:00,free5gc-free5gc-chf-chf-6f777c7ff8-8mxhq,36m,12Mi
2026-08-11T16:32:27+08:00,free5gc-free5gc-nef-nef-759f694c89-jh7pd,35m,7Mi
2026-08-11T16:32:27+08:00,free5gc-free5gc-nrf-nrf-5766464855-bm2nv,2m,12Mi
2026-08-11T16:32:27+08:00,free5gc-free5gc-nssf-nssf-7f7767dd45-tvbcj,39m,7Mi
2026-08-11T16:32:27+08:00,free5gc-free5gc-pcf-pcf-769b57775d-crzp7,40m,11Mi
2026-08-11T16:32:27+08:00,free5gc-free5gc-smf-smf-7d94c978bf-bzj5s,42m,10Mi
2026-08-11T16:32:27+08:00,free5gc-free5gc-udm-udm-7fbb989b5c-96rtv,35m,13Mi
2026-08-11T16:32:27+08:00,free5gc-free5gc-udr-udr-788647bbb4-jbz5f,38m,12Mi
2026-08-11T16:32:27+08:00,free5gc-free5gc-webui-webui-6785478d49-lwtrb,2m,12Mi
2026-08-11T16:32:27+08:00,mongodb-0,151m,82Mi
2026-08-11T16:32:29+08:00,dbpython-free5gc-dbpython-dbpython-7fb488c7fc-8vt7q,27m,0Mi
2026-08-11T16:32:29+08:00,free5gc-free5gc-amf-amf-58c4d7b8b8-b75xd,39m,15Mi
2026-08-11T16:32:29+08:00,free5gc-free5gc-ausf-ausf-789bbfb4df-zxmhg,38m,20Mi
2026-08-11T16:32:29+08:00,free5gc-free5gc-chf-chf-6f777c7ff8-8mxhq,36m,12Mi
2026-08-11T16:32:29+08:00,free5gc-free5gc-nef-nef-759f694c89-jh7pd,35m,7Mi
2026-08-11T16:32:29+08:00,free5gc-free5gc-nrf-nrf-5766464855-bm2nv,2m,12Mi
2026-08-11T16:32:29+08:00,free5gc-free5gc-nssf-nssf-7f7767dd45-tvbcj,39m,7Mi
2026-08-11T16:32:29+08:00,free5gc-free5gc-pcf-pcf-769b57775d-crzp7,40m,11Mi
2026-08-11T16:32:29+08:00,free5gc-free5gc-smf-smf-7d94c978bf-bzj5s,42m,10Mi
2026-08-11T16:32:29+08:00,free5gc-free5gc-udm-udm-7fbb989b5c-96rtv,35m,13Mi
2026-08-11T16:32:29+08:00,free5gc-free5gc-udr-udr-788647bbb4-jbz5f,38m,12Mi
2026-08-11T16:32:29+08:00,free5gc-free5gc-webui-webui-6785478d49-lwtrb,2m,12Mi
2026-08-11T16:32:29+08:00,mongodb-0,151m,82Mi
2026-08-11T16:32:31+08:00,dbpython-free5gc-dbpython-dbpython-7fb488c7fc-8vt7q,27m,0Mi
2026-08-11T16:32:31+08:00,free5gc-free5gc-amf-amf-58c4d7b8b8-b75xd,40m,16Mi
2026-08-11T16:32:31+08:00,free5gc-free5gc-ausf-ausf-789bbfb4df-zxmhg,43m,20Mi
2026-08-11T16:32:31+08:00,free5gc-free5gc-chf-chf-6f777c7ff8-8mxhq,39m,12Mi
2026-08-11T16:32:31+08:00,free5gc-free5gc-nef-nef-759f694c89-jh7pd,40m,7Mi
2026-08-11T16:32:31+08:00,free5gc-free5gc-nrf-nrf-5766464855-bm2nv,2m,12Mi
2026-08-11T16:32:31+08:00,free5gc-free5gc-nssf-nssf-7f7767dd45-tvbcj,38m,7Mi
2026-08-11T16:32:31+08:00,free5gc-free5gc-pcf-pcf-769b57775d-crzp7,38m,11Mi
2026-08-11T16:32:31+08:00,free5gc-free5gc-smf-smf-7d94c978bf-bzj5s,42m,10Mi
2026-08-11T16:32:31+08:00,free5gc-free5gc-udm-udm-7fbb989b5c-96rtv,38m,13Mi
2026-08-11T16:32:31+08:00,free5gc-free5gc-udr-udr-788647bbb4-jbz5f,38m,12Mi
2026-08-11T16:32:31+08:00,free5gc-free5gc-webui-webui-6785478d49-lwtrb,2m,12Mi
2026-08-11T16:32:31+08:00,mongodb-0,131m,82Mi
2026-08-11T16:32:33+08:00,dbpython-free5gc-dbpython-dbpython-7fb488c7fc-8vt7q,27m,0Mi
2026-08-11T16:32:33+08:00,free5gc-free5gc-amf-amf-58c4d7b8b8-b75xd,40m,16Mi
2026-08-11T16:32:33+08:00,free5gc-free5gc-ausf-ausf-789bbfb4df-zxmhg,43m,20Mi
2026-08-11T16:32:33+08:00,free5gc-free5gc-chf-chf-6f777c7ff8-8mxhq,39m,12Mi
2026-08-11T16:32:33+08:00,free5gc-free5gc-nef-nef-759f694c89-jh7pd,40m,7Mi
2026-08-11T16:32:33+08:00,free5gc-free5gc-nrf-nrf-5766464855-bm2nv,2m,12Mi
2026-08-11T16:32:33+08:00,free5gc-free5gc-nssf-nssf-7f7767dd45-tvbcj,38m,7Mi
2026-08-11T16:32:33+08:00,free5gc-free5gc-pcf-pcf-769b57775d-crzp7,38m,11Mi
2026-08-11T16:32:33+08:00,free5gc-free5gc-smf-smf-7d94c978bf-bzj5s,42m,10Mi
2026-08-11T16:32:33+08:00,free5gc-free5gc-udm-udm-7fbb989b5c-96rtv,38m,13Mi
2026-08-11T16:32:33+08:00,free5gc-free5gc-udr-udr-788647bbb4-jbz5f,38m,12Mi
2026-08-11T16:32:33+08:00,free5gc-free5gc-webui-webui-6785478d49-lwtrb,2m,12Mi
2026-08-11T16:32:33+08:00,mongodb-0,131m,82Mi
2026-08-11T16:32:36+08:00,dbpython-free5gc-dbpython-dbpython-7fb488c7fc-8vt7q,27m,0Mi
2026-08-11T16:32:36+08:00,free5gc-free5gc-amf-amf-58c4d7b8b8-b75xd,40m,16Mi
2026-08-11T16:32:36+08:00,free5gc-free5gc-ausf-ausf-789bbfb4df-zxmhg,43m,20Mi
2026-08-11T16:32:36+08:00,free5gc-free5gc-chf-chf-6f777c7ff8-8mxhq,39m,12Mi
2026-08-11T16:32:36+08:00,free5gc-free5gc-nef-nef-759f694c89-jh7pd,40m,7Mi
2026-08-11T16:32:36+08:00,free5gc-free5gc-nrf-nrf-5766464855-bm2nv,2m,12Mi
2026-08-11T16:32:36+08:00,free5gc-free5gc-nssf-nssf-7f7767dd45-tvbcj,38m,7Mi
2026-08-11T16:32:36+08:00,free5gc-free5gc-pcf-pcf-769b57775d-crzp7,38m,11Mi
2026-08-11T16:32:36+08:00,free5gc-free5gc-smf-smf-7d94c978bf-bzj5s,42m,10Mi
2026-08-11T16:32:36+08:00,free5gc-free5gc-udm-udm-7fbb989b5c-96rtv,38m,13Mi
2026-08-11T16:32:36+08:00,free5gc-free5gc-udr-udr-788647bbb4-jbz5f,38m,12Mi
2026-08-11T16:32:36+08:00,free5gc-free5gc-webui-webui-6785478d49-lwtrb,2m,12Mi
2026-08-11T16:32:36+08:00,mongodb-0,131m,82Mi
2026-08-11T16:32:38+08:00,dbpython-free5gc-dbpython-dbpython-7fb488c7fc-8vt7q,27m,0Mi
2026-08-11T16:32:38+08:00,free5gc-free5gc-amf-amf-58c4d7b8b8-b75xd,40m,16Mi
2026-08-11T16:32:38+08:00,free5gc-free5gc-ausf-ausf-789bbfb4df-zxmhg,43m,20Mi
2026-08-11T16:32:38+08:00,free5gc-free5gc-chf-chf-6f777c7ff8-8mxhq,39m,12Mi
2026-08-11T16:32:38+08:00,free5gc-free5gc-nef-nef-759f694c89-jh7pd,40m,7Mi
2026-08-11T16:32:38+08:00,free5gc-free5gc-nrf-nrf-5766464855-bm2nv,2m,12Mi
2026-08-11T16:32:38+08:00,free5gc-free5gc-nssf-nssf-7f7767dd45-tvbcj,38m,7Mi
2026-08-11T16:32:38+08:00,free5gc-free5gc-pcf-pcf-769b57775d-crzp7,38m,11Mi
2026-08-11T16:32:38+08:00,free5gc-free5gc-smf-smf-7d94c978bf-bzj5s,42m,10Mi
2026-08-11T16:32:38+08:00,free5gc-free5gc-udm-udm-7fbb989b5c-96rtv,38m,13Mi
2026-08-11T16:32:38+08:00,free5gc-free5gc-udr-udr-788647bbb4-jbz5f,38m,12Mi
2026-08-11T16:32:38+08:00,free5gc-free5gc-webui-webui-6785478d49-lwtrb,2m,12Mi
2026-08-11T16:32:38+08:00,mongodb-0,131m,82Mi
2026-08-11T16:32:40+08:00,dbpython-free5gc-dbpython-dbpython-7fb488c7fc-8vt7q,27m,0Mi
2026-08-11T16:32:40+08:00,free5gc-free5gc-amf-amf-58c4d7b8b8-b75xd,40m,16Mi
2026-08-11T16:32:40+08:00,free5gc-free5gc-ausf-ausf-789bbfb4df-zxmhg,43m,20Mi
2026-08-11T16:32:40+08:00,free5gc-free5gc-chf-chf-6f777c7ff8-8mxhq,39m,12Mi
2026-08-11T16:32:40+08:00,free5gc-free5gc-nef-nef-759f694c89-jh7pd,40m,7Mi
2026-08-11T16:32:40+08:00,free5gc-free5gc-nrf-nrf-5766464855-bm2nv,2m,12Mi
2026-08-11T16:32:40+08:00,free5gc-free5gc-nssf-nssf-7f7767dd45-tvbcj,38m,7Mi
2026-08-11T16:32:40+08:00,free5gc-free5gc-pcf-pcf-769b57775d-crzp7,38m,11Mi
2026-08-11T16:32:40+08:00,free5gc-free5gc-smf-smf-7d94c978bf-bzj5s,42m,10Mi
2026-08-11T16:32:40+08:00,free5gc-free5gc-udm-udm-7fbb989b5c-96rtv,38m,13Mi
2026-08-11T16:32:40+08:00,free5gc-free5gc-udr-udr-788647bbb4-jbz5f,38m,12Mi
2026-08-11T16:32:40+08:00,free5gc-free5gc-webui-webui-6785478d49-lwtrb,2m,12Mi
2026-08-11T16:32:40+08:00,mongodb-0,131m,82Mi
2026-08-11T16:32:42+08:00,dbpython-free5gc-dbpython-dbpython-7fb488c7fc-8vt7q,27m,0Mi
2026-08-11T16:32:42+08:00,free5gc-free5gc-amf-amf-58c4d7b8b8-b75xd,40m,16Mi
2026-08-11T16:32:42+08:00,free5gc-free5gc-ausf-ausf-789bbfb4df-zxmhg,43m,20Mi
2026-08-11T16:32:42+08:00,free5gc-free5gc-chf-chf-6f777c7ff8-8mxhq,39m,12Mi
2026-08-11T16:32:42+08:00,free5gc-free5gc-nef-nef-759f694c89-jh7pd,40m,7Mi
2026-08-11T16:32:42+08:00,free5gc-free5gc-nrf-nrf-5766464855-bm2nv,2m,12Mi
2026-08-11T16:32:42+08:00,free5gc-free5gc-nssf-nssf-7f7767dd45-tvbcj,38m,7Mi
2026-08-11T16:32:42+08:00,free5gc-free5gc-pcf-pcf-769b57775d-crzp7,38m,11Mi
2026-08-11T16:32:42+08:00,free5gc-free5gc-smf-smf-7d94c978bf-bzj5s,42m,10Mi
2026-08-11T16:32:42+08:00,free5gc-free5gc-udm-udm-7fbb989b5c-96rtv,38m,13Mi
2026-08-11T16:32:42+08:00,free5gc-free5gc-udr-udr-788647bbb4-jbz5f,38m,12Mi
2026-08-11T16:32:42+08:00,free5gc-free5gc-webui-webui-6785478d49-lwtrb,2m,12Mi
2026-08-11T16:32:42+08:00,mongodb-0,131m,82Mi
2026-08-11T16:32:44+08:00,dbpython-free5gc-dbpython-dbpython-7fb488c7fc-8vt7q,27m,0Mi
2026-08-11T16:32:44+08:00,free5gc-free5gc-amf-amf-58c4d7b8b8-b75xd,40m,16Mi
2026-08-11T16:32:44+08:00,free5gc-free5gc-ausf-ausf-789bbfb4df-zxmhg,43m,20Mi
2026-08-11T16:32:44+08:00,free5gc-free5gc-chf-chf-6f777c7ff8-8mxhq,39m,12Mi
2026-08-11T16:32:44+08:00,free5gc-free5gc-nef-nef-759f694c89-jh7pd,40m,7Mi
2026-08-11T16:32:44+08:00,free5gc-free5gc-nrf-nrf-5766464855-bm2nv,2m,12Mi
2026-08-11T16:32:44+08:00,free5gc-free5gc-nssf-nssf-7f7767dd45-tvbcj,38m,7Mi
2026-08-11T16:32:44+08:00,free5gc-free5gc-pcf-pcf-769b57775d-crzp7,38m,11Mi
2026-08-11T16:32:44+08:00,free5gc-free5gc-smf-smf-7d94c978bf-bzj5s,42m,10Mi
2026-08-11T16:32:44+08:00,free5gc-free5gc-udm-udm-7fbb989b5c-96rtv,38m,13Mi
2026-08-11T16:32:44+08:00,free5gc-free5gc-udr-udr-788647bbb4-jbz5f,38m,12Mi
2026-08-11T16:32:44+08:00,free5gc-free5gc-webui-webui-6785478d49-lwtrb,2m,12Mi
2026-08-11T16:32:44+08:00,mongodb-0,131m,82Mi
2026-08-11T16:32:46+08:00,dbpython-free5gc-dbpython-dbpython-7fb488c7fc-8vt7q,27m,0Mi
2026-08-11T16:32:46+08:00,free5gc-free5gc-amf-amf-58c4d7b8b8-b75xd,37m,18Mi
2026-08-11T16:32:46+08:00,free5gc-free5gc-ausf-ausf-789bbfb4df-zxmhg,35m,20Mi
2026-08-11T16:32:46+08:00,free5gc-free5gc-chf-chf-6f777c7ff8-8mxhq,36m,12Mi
2026-08-11T16:32:46+08:00,free5gc-free5gc-nef-nef-759f694c89-jh7pd,36m,7Mi
2026-08-11T16:32:46+08:00,free5gc-free5gc-nrf-nrf-5766464855-bm2nv,2m,12Mi
2026-08-11T16:32:46+08:00,free5gc-free5gc-nssf-nssf-7f7767dd45-tvbcj,36m,7Mi
2026-08-11T16:32:46+08:00,free5gc-free5gc-pcf-pcf-769b57775d-crzp7,41m,11Mi
2026-08-11T16:32:46+08:00,free5gc-free5gc-smf-smf-7d94c978bf-bzj5s,39m,10Mi
2026-08-11T16:32:46+08:00,free5gc-free5gc-udm-udm-7fbb989b5c-96rtv,39m,13Mi
2026-08-11T16:32:46+08:00,free5gc-free5gc-udr-udr-788647bbb4-jbz5f,37m,12Mi
2026-08-11T16:32:46+08:00,free5gc-free5gc-webui-webui-6785478d49-lwtrb,2m,12Mi
2026-08-11T16:32:46+08:00,mongodb-0,153m,82Mi
2026-08-11T16:32:48+08:00,dbpython-free5gc-dbpython-dbpython-7fb488c7fc-8vt7q,27m,0Mi
2026-08-11T16:32:48+08:00,free5gc-free5gc-amf-amf-58c4d7b8b8-b75xd,37m,18Mi
2026-08-11T16:32:48+08:00,free5gc-free5gc-ausf-ausf-789bbfb4df-zxmhg,35m,20Mi
2026-08-11T16:32:48+08:00,free5gc-free5gc-chf-chf-6f777c7ff8-8mxhq,36m,12Mi
2026-08-11T16:32:48+08:00,free5gc-free5gc-nef-nef-759f694c89-jh7pd,36m,7Mi
2026-08-11T16:32:48+08:00,free5gc-free5gc-nrf-nrf-5766464855-bm2nv,2m,12Mi
2026-08-11T16:32:48+08:00,free5gc-free5gc-nssf-nssf-7f7767dd45-tvbcj,36m,7Mi
2026-08-11T16:32:48+08:00,free5gc-free5gc-pcf-pcf-769b57775d-crzp7,41m,11Mi
2026-08-11T16:32:48+08:00,free5gc-free5gc-smf-smf-7d94c978bf-bzj5s,39m,10Mi
2026-08-11T16:32:48+08:00,free5gc-free5gc-udm-udm-7fbb989b5c-96rtv,39m,13Mi
2026-08-11T16:32:48+08:00,free5gc-free5gc-udr-udr-788647bbb4-jbz5f,37m,12Mi
2026-08-11T16:32:48+08:00,free5gc-free5gc-webui-webui-6785478d49-lwtrb,2m,12Mi
2026-08-11T16:32:48+08:00,mongodb-0,153m,82Mi
2026-08-11T16:32:51+08:00,dbpython-free5gc-dbpython-dbpython-7fb488c7fc-8vt7q,27m,0Mi
2026-08-11T16:32:51+08:00,free5gc-free5gc-amf-amf-58c4d7b8b8-b75xd,37m,18Mi
2026-08-11T16:32:51+08:00,free5gc-free5gc-ausf-ausf-789bbfb4df-zxmhg,35m,20Mi
2026-08-11T16:32:51+08:00,free5gc-free5gc-chf-chf-6f777c7ff8-8mxhq,36m,12Mi
2026-08-11T16:32:51+08:00,free5gc-free5gc-nef-nef-759f694c89-jh7pd,36m,7Mi
2026-08-11T16:32:51+08:00,free5gc-free5gc-nrf-nrf-5766464855-bm2nv,2m,12Mi
2026-08-11T16:32:51+08:00,free5gc-free5gc-nssf-nssf-7f7767dd45-tvbcj,36m,7Mi
2026-08-11T16:32:51+08:00,free5gc-free5gc-pcf-pcf-769b57775d-crzp7,41m,11Mi
2026-08-11T16:32:51+08:00,free5gc-free5gc-smf-smf-7d94c978bf-bzj5s,39m,10Mi
2026-08-11T16:32:51+08:00,free5gc-free5gc-udm-udm-7fbb989b5c-96rtv,39m,13Mi
2026-08-11T16:32:51+08:00,free5gc-free5gc-udr-udr-788647bbb4-jbz5f,37m,12Mi
2026-08-11T16:32:51+08:00,free5gc-free5gc-webui-webui-6785478d49-lwtrb,2m,12Mi
2026-08-11T16:32:51+08:00,mongodb-0,153m,82Mi
2026-08-11T16:32:53+08:00,dbpython-free5gc-dbpython-dbpython-7fb488c7fc-8vt7q,27m,0Mi
2026-08-11T16:32:53+08:00,free5gc-free5gc-amf-amf-58c4d7b8b8-b75xd,37m,18Mi
2026-08-11T16:32:53+08:00,free5gc-free5gc-ausf-ausf-789bbfb4df-zxmhg,35m,20Mi
2026-08-11T16:32:53+08:00,free5gc-free5gc-chf-chf-6f777c7ff8-8mxhq,36m,12Mi
2026-08-11T16:32:53+08:00,free5gc-free5gc-nef-nef-759f694c89-jh7pd,36m,7Mi
2026-08-11T16:32:53+08:00,free5gc-free5gc-nrf-nrf-5766464855-bm2nv,2m,12Mi
2026-08-11T16:32:53+08:00,free5gc-free5gc-nssf-nssf-7f7767dd45-tvbcj,36m,7Mi
2026-08-11T16:32:53+08:00,free5gc-free5gc-pcf-pcf-769b57775d-crzp7,41m,11Mi
2026-08-11T16:32:53+08:00,free5gc-free5gc-smf-smf-7d94c978bf-bzj5s,39m,10Mi
2026-08-11T16:32:53+08:00,free5gc-free5gc-udm-udm-7fbb989b5c-96rtv,39m,13Mi
2026-08-11T16:32:53+08:00,free5gc-free5gc-udr-udr-788647bbb4-jbz5f,37m,12Mi
2026-08-11T16:32:53+08:00,free5gc-free5gc-webui-webui-6785478d49-lwtrb,2m,12Mi
2026-08-11T16:32:53+08:00,mongodb-0,153m,82Mi
2026-08-11T16:32:55+08:00,dbpython-free5gc-dbpython-dbpython-7fb488c7fc-8vt7q,27m,0Mi
2026-08-11T16:32:55+08:00,free5gc-free5gc-amf-amf-58c4d7b8b8-b75xd,37m,18Mi
2026-08-11T16:32:55+08:00,free5gc-free5gc-ausf-ausf-789bbfb4df-zxmhg,35m,20Mi
2026-08-11T16:32:55+08:00,free5gc-free5gc-chf-chf-6f777c7ff8-8mxhq,36m,12Mi
2026-08-11T16:32:55+08:00,free5gc-free5gc-nef-nef-759f694c89-jh7pd,36m,7Mi
2026-08-11T16:32:55+08:00,free5gc-free5gc-nrf-nrf-5766464855-bm2nv,2m,12Mi
2026-08-11T16:32:55+08:00,free5gc-free5gc-nssf-nssf-7f7767dd45-tvbcj,36m,7Mi
2026-08-11T16:32:55+08:00,free5gc-free5gc-pcf-pcf-769b57775d-crzp7,41m,11Mi
2026-08-11T16:32:55+08:00,free5gc-free5gc-smf-smf-7d94c978bf-bzj5s,39m,10Mi
2026-08-11T16:32:55+08:00,free5gc-free5gc-udm-udm-7fbb989b5c-96rtv,39m,13Mi
2026-08-11T16:32:55+08:00,free5gc-free5gc-udr-udr-788647bbb4-jbz5f,37m,12Mi
2026-08-11T16:32:55+08:00,free5gc-free5gc-webui-webui-6785478d49-lwtrb,2m,12Mi
2026-08-11T16:32:55+08:00,mongodb-0,153m,82Mi
2026-08-11T16:32:57+08:00,dbpython-free5gc-dbpython-dbpython-7fb488c7fc-8vt7q,27m,0Mi
2026-08-11T16:32:57+08:00,free5gc-free5gc-amf-amf-58c4d7b8b8-b75xd,37m,18Mi
2026-08-11T16:32:57+08:00,free5gc-free5gc-ausf-ausf-789bbfb4df-zxmhg,35m,20Mi
2026-08-11T16:32:57+08:00,free5gc-free5gc-chf-chf-6f777c7ff8-8mxhq,36m,12Mi
2026-08-11T16:32:57+08:00,free5gc-free5gc-nef-nef-759f694c89-jh7pd,36m,7Mi
2026-08-11T16:32:57+08:00,free5gc-free5gc-nrf-nrf-5766464855-bm2nv,2m,12Mi
2026-08-11T16:32:57+08:00,free5gc-free5gc-nssf-nssf-7f7767dd45-tvbcj,36m,7Mi
2026-08-11T16:32:57+08:00,free5gc-free5gc-pcf-pcf-769b57775d-crzp7,41m,11Mi
2026-08-11T16:32:57+08:00,free5gc-free5gc-smf-smf-7d94c978bf-bzj5s,39m,10Mi
2026-08-11T16:32:57+08:00,free5gc-free5gc-udm-udm-7fbb989b5c-96rtv,39m,13Mi
2026-08-11T16:32:57+08:00,free5gc-free5gc-udr-udr-788647bbb4-jbz5f,37m,12Mi
2026-08-11T16:32:57+08:00,free5gc-free5gc-webui-webui-6785478d49-lwtrb,2m,12Mi
2026-08-11T16:32:57+08:00,mongodb-0,153m,82Mi
2026-08-11T16:32:59+08:00,dbpython-free5gc-dbpython-dbpython-7fb488c7fc-8vt7q,27m,0Mi
2026-08-11T16:32:59+08:00,free5gc-free5gc-amf-amf-58c4d7b8b8-b75xd,37m,18Mi
2026-08-11T16:32:59+08:00,free5gc-free5gc-ausf-ausf-789bbfb4df-zxmhg,35m,20Mi
2026-08-11T16:32:59+08:00,free5gc-free5gc-chf-chf-6f777c7ff8-8mxhq,36m,12Mi
2026-08-11T16:32:59+08:00,free5gc-free5gc-nef-nef-759f694c89-jh7pd,36m,7Mi
2026-08-11T16:32:59+08:00,free5gc-free5gc-nrf-nrf-5766464855-bm2nv,2m,12Mi
2026-08-11T16:32:59+08:00,free5gc-free5gc-nssf-nssf-7f7767dd45-tvbcj,36m,7Mi
2026-08-11T16:32:59+08:00,free5gc-free5gc-pcf-pcf-769b57775d-crzp7,41m,11Mi
2026-08-11T16:32:59+08:00,free5gc-free5gc-smf-smf-7d94c978bf-bzj5s,39m,10Mi
2026-08-11T16:32:59+08:00,free5gc-free5gc-udm-udm-7fbb989b5c-96rtv,39m,13Mi
2026-08-11T16:32:59+08:00,free5gc-free5gc-udr-udr-788647bbb4-jbz5f,37m,12Mi
2026-08-11T16:32:59+08:00,free5gc-free5gc-webui-webui-6785478d49-lwtrb,2m,12Mi
2026-08-11T16:32:59+08:00,mongodb-0,153m,82Mi
2026-08-11T16:33:01+08:00,dbpython-free5gc-dbpython-dbpython-7fb488c7fc-8vt7q,28m,0Mi
2026-08-11T16:33:01+08:00,free5gc-free5gc-amf-amf-58c4d7b8b8-b75xd,37m,16Mi
2026-08-11T16:33:01+08:00,free5gc-free5gc-ausf-ausf-789bbfb4df-zxmhg,39m,20Mi
2026-08-11T16:33:01+08:00,free5gc-free5gc-chf-chf-6f777c7ff8-8mxhq,38m,12Mi
2026-08-11T16:33:01+08:00,free5gc-free5gc-nef-nef-759f694c89-jh7pd,36m,7Mi
2026-08-11T16:33:01+08:00,free5gc-free5gc-nrf-nrf-5766464855-bm2nv,3m,11Mi
2026-08-11T16:33:01+08:00,free5gc-free5gc-nssf-nssf-7f7767dd45-tvbcj,41m,7Mi
2026-08-11T16:33:01+08:00,free5gc-free5gc-pcf-pcf-769b57775d-crzp7,36m,14Mi
2026-08-11T16:33:01+08:00,free5gc-free5gc-smf-smf-7d94c978bf-bzj5s,38m,10Mi
2026-08-11T16:33:01+08:00,free5gc-free5gc-udm-udm-7fbb989b5c-96rtv,38m,13Mi
2026-08-11T16:33:01+08:00,free5gc-free5gc-udr-udr-788647bbb4-jbz5f,41m,11Mi
2026-08-11T16:33:01+08:00,free5gc-free5gc-webui-webui-6785478d49-lwtrb,2m,12Mi
2026-08-11T16:33:01+08:00,mongodb-0,153m,82Mi
2026-08-11T16:33:03+08:00,dbpython-free5gc-dbpython-dbpython-7fb488c7fc-8vt7q,28m,0Mi
2026-08-11T16:33:03+08:00,free5gc-free5gc-amf-amf-58c4d7b8b8-b75xd,37m,16Mi
2026-08-11T16:33:03+08:00,free5gc-free5gc-ausf-ausf-789bbfb4df-zxmhg,39m,20Mi
2026-08-11T16:33:03+08:00,free5gc-free5gc-chf-chf-6f777c7ff8-8mxhq,38m,12Mi
2026-08-11T16:33:03+08:00,free5gc-free5gc-nef-nef-759f694c89-jh7pd,36m,7Mi
2026-08-11T16:33:03+08:00,free5gc-free5gc-nrf-nrf-5766464855-bm2nv,3m,11Mi
2026-08-11T16:33:03+08:00,free5gc-free5gc-nssf-nssf-7f7767dd45-tvbcj,41m,7Mi
2026-08-11T16:33:03+08:00,free5gc-free5gc-pcf-pcf-769b57775d-crzp7,36m,14Mi
2026-08-11T16:33:03+08:00,free5gc-free5gc-smf-smf-7d94c978bf-bzj5s,38m,10Mi
2026-08-11T16:33:03+08:00,free5gc-free5gc-udm-udm-7fbb989b5c-96rtv,38m,13Mi
2026-08-11T16:33:03+08:00,free5gc-free5gc-udr-udr-788647bbb4-jbz5f,41m,11Mi
2026-08-11T16:33:03+08:00,free5gc-free5gc-webui-webui-6785478d49-lwtrb,2m,12Mi
2026-08-11T16:33:03+08:00,mongodb-0,153m,82Mi
2026-08-11T16:33:06+08:00,dbpython-free5gc-dbpython-dbpython-7fb488c7fc-8vt7q,28m,0Mi
2026-08-11T16:33:06+08:00,free5gc-free5gc-amf-amf-58c4d7b8b8-b75xd,37m,16Mi
2026-08-11T16:33:06+08:00,free5gc-free5gc-ausf-ausf-789bbfb4df-zxmhg,39m,20Mi
2026-08-11T16:33:06+08:00,free5gc-free5gc-chf-chf-6f777c7ff8-8mxhq,38m,12Mi
2026-08-11T16:33:06+08:00,free5gc-free5gc-nef-nef-759f694c89-jh7pd,36m,7Mi
2026-08-11T16:33:06+08:00,free5gc-free5gc-nrf-nrf-5766464855-bm2nv,3m,11Mi
2026-08-11T16:33:06+08:00,free5gc-free5gc-nssf-nssf-7f7767dd45-tvbcj,41m,7Mi
2026-08-11T16:33:06+08:00,free5gc-free5gc-pcf-pcf-769b57775d-crzp7,36m,14Mi
2026-08-11T16:33:06+08:00,free5gc-free5gc-smf-smf-7d94c978bf-bzj5s,38m,10Mi
2026-08-11T16:33:06+08:00,free5gc-free5gc-udm-udm-7fbb989b5c-96rtv,38m,13Mi
2026-08-11T16:33:06+08:00,free5gc-free5gc-udr-udr-788647bbb4-jbz5f,41m,11Mi
2026-08-11T16:33:06+08:00,free5gc-free5gc-webui-webui-6785478d49-lwtrb,2m,12Mi
2026-08-11T16:33:06+08:00,mongodb-0,153m,82Mi
2026-08-11T16:33:08+08:00,dbpython-free5gc-dbpython-dbpython-7fb488c7fc-8vt7q,28m,0Mi
2026-08-11T16:33:08+08:00,free5gc-free5gc-amf-amf-58c4d7b8b8-b75xd,37m,16Mi
2026-08-11T16:33:08+08:00,free5gc-free5gc-ausf-ausf-789bbfb4df-zxmhg,39m,20Mi
2026-08-11T16:33:08+08:00,free5gc-free5gc-chf-chf-6f777c7ff8-8mxhq,38m,12Mi
2026-08-11T16:33:08+08:00,free5gc-free5gc-nef-nef-759f694c89-jh7pd,36m,7Mi
2026-08-11T16:33:08+08:00,free5gc-free5gc-nrf-nrf-5766464855-bm2nv,3m,11Mi
2026-08-11T16:33:08+08:00,free5gc-free5gc-nssf-nssf-7f7767dd45-tvbcj,41m,7Mi
2026-08-11T16:33:08+08:00,free5gc-free5gc-pcf-pcf-769b57775d-crzp7,36m,14Mi
2026-08-11T16:33:08+08:00,free5gc-free5gc-smf-smf-7d94c978bf-bzj5s,38m,10Mi
2026-08-11T16:33:08+08:00,free5gc-free5gc-udm-udm-7fbb989b5c-96rtv,38m,13Mi
2026-08-11T16:33:08+08:00,free5gc-free5gc-udr-udr-788647bbb4-jbz5f,41m,11Mi
2026-08-11T16:33:08+08:00,free5gc-free5gc-webui-webui-6785478d49-lwtrb,2m,12Mi
2026-08-11T16:33:08+08:00,mongodb-0,153m,82Mi
2026-08-11T16:33:10+08:00,dbpython-free5gc-dbpython-dbpython-7fb488c7fc-8vt7q,28m,0Mi
2026-08-11T16:33:10+08:00,free5gc-free5gc-amf-amf-58c4d7b8b8-b75xd,37m,16Mi
2026-08-11T16:33:10+08:00,free5gc-free5gc-ausf-ausf-789bbfb4df-zxmhg,39m,20Mi
2026-08-11T16:33:10+08:00,free5gc-free5gc-chf-chf-6f777c7ff8-8mxhq,38m,12Mi
2026-08-11T16:33:10+08:00,free5gc-free5gc-nef-nef-759f694c89-jh7pd,36m,7Mi
2026-08-11T16:33:10+08:00,free5gc-free5gc-nrf-nrf-5766464855-bm2nv,3m,11Mi
2026-08-11T16:33:10+08:00,free5gc-free5gc-nssf-nssf-7f7767dd45-tvbcj,41m,7Mi
2026-08-11T16:33:10+08:00,free5gc-free5gc-pcf-pcf-769b57775d-crzp7,36m,14Mi
2026-08-11T16:33:10+08:00,free5gc-free5gc-smf-smf-7d94c978bf-bzj5s,38m,10Mi
2026-08-11T16:33:10+08:00,free5gc-free5gc-udm-udm-7fbb989b5c-96rtv,38m,13Mi
2026-08-11T16:33:10+08:00,free5gc-free5gc-udr-udr-788647bbb4-jbz5f,41m,11Mi
2026-08-11T16:33:10+08:00,free5gc-free5gc-webui-webui-6785478d49-lwtrb,2m,12Mi
2026-08-11T16:33:10+08:00,mongodb-0,153m,82Mi
2026-08-11T16:33:12+08:00,dbpython-free5gc-dbpython-dbpython-7fb488c7fc-8vt7q,28m,0Mi
2026-08-11T16:33:12+08:00,free5gc-free5gc-amf-amf-58c4d7b8b8-b75xd,37m,16Mi
2026-08-11T16:33:12+08:00,free5gc-free5gc-ausf-ausf-789bbfb4df-zxmhg,39m,20Mi
2026-08-11T16:33:12+08:00,free5gc-free5gc-chf-chf-6f777c7ff8-8mxhq,38m,12Mi
2026-08-11T16:33:12+08:00,free5gc-free5gc-nef-nef-759f694c89-jh7pd,36m,7Mi
2026-08-11T16:33:12+08:00,free5gc-free5gc-nrf-nrf-5766464855-bm2nv,3m,11Mi
2026-08-11T16:33:12+08:00,free5gc-free5gc-nssf-nssf-7f7767dd45-tvbcj,41m,7Mi
2026-08-11T16:33:12+08:00,free5gc-free5gc-pcf-pcf-769b57775d-crzp7,36m,14Mi
2026-08-11T16:33:12+08:00,free5gc-free5gc-smf-smf-7d94c978bf-bzj5s,38m,10Mi
2026-08-11T16:33:12+08:00,free5gc-free5gc-udm-udm-7fbb989b5c-96rtv,38m,13Mi
2026-08-11T16:33:12+08:00,free5gc-free5gc-udr-udr-788647bbb4-jbz5f,41m,11Mi
2026-08-11T16:33:12+08:00,free5gc-free5gc-webui-webui-6785478d49-lwtrb,2m,12Mi
2026-08-11T16:33:12+08:00,mongodb-0,153m,82Mi
2026-08-11T16:33:14+08:00,dbpython-free5gc-dbpython-dbpython-7fb488c7fc-8vt7q,28m,0Mi
2026-08-11T16:33:14+08:00,free5gc-free5gc-amf-amf-58c4d7b8b8-b75xd,37m,16Mi
2026-08-11T16:33:14+08:00,free5gc-free5gc-ausf-ausf-789bbfb4df-zxmhg,39m,20Mi
2026-08-11T16:33:14+08:00,free5gc-free5gc-chf-chf-6f777c7ff8-8mxhq,38m,12Mi
2026-08-11T16:33:14+08:00,free5gc-free5gc-nef-nef-759f694c89-jh7pd,36m,7Mi
2026-08-11T16:33:14+08:00,free5gc-free5gc-nrf-nrf-5766464855-bm2nv,3m,11Mi
2026-08-11T16:33:14+08:00,free5gc-free5gc-nssf-nssf-7f7767dd45-tvbcj,41m,7Mi
2026-08-11T16:33:14+08:00,free5gc-free5gc-pcf-pcf-769b57775d-crzp7,36m,14Mi
2026-08-11T16:33:14+08:00,free5gc-free5gc-smf-smf-7d94c978bf-bzj5s,38m,10Mi
2026-08-11T16:33:14+08:00,free5gc-free5gc-udm-udm-7fbb989b5c-96rtv,38m,13Mi
2026-08-11T16:33:14+08:00,free5gc-free5gc-udr-udr-788647bbb4-jbz5f,41m,11Mi
2026-08-11T16:33:14+08:00,free5gc-free5gc-webui-webui-6785478d49-lwtrb,2m,12Mi
2026-08-11T16:33:14+08:00,mongodb-0,153m,82Mi
2026-08-11T16:33:16+08:00,dbpython-free5gc-dbpython-dbpython-7fb488c7fc-8vt7q,30m,0Mi
2026-08-11T16:33:16+08:00,free5gc-free5gc-amf-amf-58c4d7b8b8-b75xd,38m,16Mi
2026-08-11T16:33:16+08:00,free5gc-free5gc-ausf-ausf-789bbfb4df-zxmhg,38m,20Mi
2026-08-11T16:33:16+08:00,free5gc-free5gc-chf-chf-6f777c7ff8-8mxhq,36m,12Mi
2026-08-11T16:33:16+08:00,free5gc-free5gc-nef-nef-759f694c89-jh7pd,37m,7Mi
2026-08-11T16:33:16+08:00,free5gc-free5gc-nrf-nrf-5766464855-bm2nv,3m,11Mi
2026-08-11T16:33:16+08:00,free5gc-free5gc-nssf-nssf-7f7767dd45-tvbcj,37m,7Mi
2026-08-11T16:33:16+08:00,free5gc-free5gc-pcf-pcf-769b57775d-crzp7,38m,10Mi
2026-08-11T16:33:16+08:00,free5gc-free5gc-smf-smf-7d94c978bf-bzj5s,39m,10Mi
2026-08-11T16:33:16+08:00,free5gc-free5gc-udm-udm-7fbb989b5c-96rtv,41m,13Mi
2026-08-11T16:33:16+08:00,free5gc-free5gc-udr-udr-788647bbb4-jbz5f,36m,11Mi
2026-08-11T16:33:16+08:00,free5gc-free5gc-webui-webui-6785478d49-lwtrb,3m,12Mi
2026-08-11T16:33:16+08:00,mongodb-0,103m,82Mi
2026-08-11T16:33:18+08:00,dbpython-free5gc-dbpython-dbpython-7fb488c7fc-8vt7q,30m,0Mi
2026-08-11T16:33:18+08:00,free5gc-free5gc-amf-amf-58c4d7b8b8-b75xd,38m,16Mi
2026-08-11T16:33:18+08:00,free5gc-free5gc-ausf-ausf-789bbfb4df-zxmhg,38m,20Mi
2026-08-11T16:33:18+08:00,free5gc-free5gc-chf-chf-6f777c7ff8-8mxhq,36m,12Mi
2026-08-11T16:33:18+08:00,free5gc-free5gc-nef-nef-759f694c89-jh7pd,37m,7Mi
2026-08-11T16:33:18+08:00,free5gc-free5gc-nrf-nrf-5766464855-bm2nv,3m,11Mi
2026-08-11T16:33:18+08:00,free5gc-free5gc-nssf-nssf-7f7767dd45-tvbcj,37m,7Mi
2026-08-11T16:33:18+08:00,free5gc-free5gc-pcf-pcf-769b57775d-crzp7,38m,10Mi
2026-08-11T16:33:18+08:00,free5gc-free5gc-smf-smf-7d94c978bf-bzj5s,39m,10Mi
2026-08-11T16:33:18+08:00,free5gc-free5gc-udm-udm-7fbb989b5c-96rtv,41m,13Mi
2026-08-11T16:33:18+08:00,free5gc-free5gc-udr-udr-788647bbb4-jbz5f,36m,11Mi
2026-08-11T16:33:18+08:00,free5gc-free5gc-webui-webui-6785478d49-lwtrb,3m,12Mi
2026-08-11T16:33:18+08:00,mongodb-0,103m,82Mi
2026-08-11T16:33:21+08:00,dbpython-free5gc-dbpython-dbpython-7fb488c7fc-8vt7q,30m,0Mi
2026-08-11T16:33:21+08:00,free5gc-free5gc-amf-amf-58c4d7b8b8-b75xd,38m,16Mi
2026-08-11T16:33:21+08:00,free5gc-free5gc-ausf-ausf-789bbfb4df-zxmhg,38m,20Mi
2026-08-11T16:33:21+08:00,free5gc-free5gc-chf-chf-6f777c7ff8-8mxhq,36m,12Mi
2026-08-11T16:33:21+08:00,free5gc-free5gc-nef-nef-759f694c89-jh7pd,37m,7Mi
2026-08-11T16:33:21+08:00,free5gc-free5gc-nrf-nrf-5766464855-bm2nv,3m,11Mi
2026-08-11T16:33:21+08:00,free5gc-free5gc-nssf-nssf-7f7767dd45-tvbcj,37m,7Mi
2026-08-11T16:33:21+08:00,free5gc-free5gc-pcf-pcf-769b57775d-crzp7,38m,10Mi
2026-08-11T16:33:21+08:00,free5gc-free5gc-smf-smf-7d94c978bf-bzj5s,39m,10Mi
2026-08-11T16:33:21+08:00,free5gc-free5gc-udm-udm-7fbb989b5c-96rtv,41m,13Mi
2026-08-11T16:33:21+08:00,free5gc-free5gc-udr-udr-788647bbb4-jbz5f,36m,11Mi
2026-08-11T16:33:21+08:00,free5gc-free5gc-webui-webui-6785478d49-lwtrb,3m,12Mi
2026-08-11T16:33:21+08:00,mongodb-0,103m,82Mi
2026-08-11T16:33:23+08:00,dbpython-free5gc-dbpython-dbpython-7fb488c7fc-8vt7q,30m,0Mi
2026-08-11T16:33:23+08:00,free5gc-free5gc-amf-amf-58c4d7b8b8-b75xd,38m,16Mi
2026-08-11T16:33:23+08:00,free5gc-free5gc-ausf-ausf-789bbfb4df-zxmhg,38m,20Mi
2026-08-11T16:33:23+08:00,free5gc-free5gc-chf-chf-6f777c7ff8-8mxhq,36m,12Mi
2026-08-11T16:33:23+08:00,free5gc-free5gc-nef-nef-759f694c89-jh7pd,37m,7Mi
2026-08-11T16:33:23+08:00,free5gc-free5gc-nrf-nrf-5766464855-bm2nv,3m,11Mi
2026-08-11T16:33:23+08:00,free5gc-free5gc-nssf-nssf-7f7767dd45-tvbcj,37m,7Mi
2026-08-11T16:33:23+08:00,free5gc-free5gc-pcf-pcf-769b57775d-crzp7,38m,10Mi
2026-08-11T16:33:23+08:00,free5gc-free5gc-smf-smf-7d94c978bf-bzj5s,39m,10Mi
2026-08-11T16:33:23+08:00,free5gc-free5gc-udm-udm-7fbb989b5c-96rtv,41m,13Mi
2026-08-11T16:33:23+08:00,free5gc-free5gc-udr-udr-788647bbb4-jbz5f,36m,11Mi
2026-08-11T16:33:23+08:00,free5gc-free5gc-webui-webui-6785478d49-lwtrb,3m,12Mi
2026-08-11T16:33:23+08:00,mongodb-0,103m,82Mi
2026-08-11T16:33:25+08:00,dbpython-free5gc-dbpython-dbpython-7fb488c7fc-8vt7q,30m,0Mi
2026-08-11T16:33:25+08:00,free5gc-free5gc-amf-amf-58c4d7b8b8-b75xd,38m,16Mi
2026-08-11T16:33:25+08:00,free5gc-free5gc-ausf-ausf-789bbfb4df-zxmhg,38m,20Mi
2026-08-11T16:33:25+08:00,free5gc-free5gc-chf-chf-6f777c7ff8-8mxhq,36m,12Mi
2026-08-11T16:33:25+08:00,free5gc-free5gc-nef-nef-759f694c89-jh7pd,37m,7Mi
2026-08-11T16:33:25+08:00,free5gc-free5gc-nrf-nrf-5766464855-bm2nv,3m,11Mi
2026-08-11T16:33:25+08:00,free5gc-free5gc-nssf-nssf-7f7767dd45-tvbcj,37m,7Mi
2026-08-11T16:33:25+08:00,free5gc-free5gc-pcf-pcf-769b57775d-crzp7,38m,10Mi
2026-08-11T16:33:25+08:00,free5gc-free5gc-smf-smf-7d94c978bf-bzj5s,39m,10Mi
2026-08-11T16:33:25+08:00,free5gc-free5gc-udm-udm-7fbb989b5c-96rtv,41m,13Mi
2026-08-11T16:33:25+08:00,free5gc-free5gc-udr-udr-788647bbb4-jbz5f,36m,11Mi
2026-08-11T16:33:25+08:00,free5gc-free5gc-webui-webui-6785478d49-lwtrb,3m,12Mi
2026-08-11T16:33:25+08:00,mongodb-0,103m,82Mi
2026-08-11T16:33:27+08:00,dbpython-free5gc-dbpython-dbpython-7fb488c7fc-8vt7q,30m,0Mi
2026-08-11T16:33:27+08:00,free5gc-free5gc-amf-amf-58c4d7b8b8-b75xd,38m,16Mi
2026-08-11T16:33:27+08:00,free5gc-free5gc-ausf-ausf-789bbfb4df-zxmhg,38m,20Mi
2026-08-11T16:33:27+08:00,free5gc-free5gc-chf-chf-6f777c7ff8-8mxhq,36m,12Mi
2026-08-11T16:33:27+08:00,free5gc-free5gc-nef-nef-759f694c89-jh7pd,37m,7Mi
2026-08-11T16:33:27+08:00,free5gc-free5gc-nrf-nrf-5766464855-bm2nv,3m,11Mi
2026-08-11T16:33:27+08:00,free5gc-free5gc-nssf-nssf-7f7767dd45-tvbcj,37m,7Mi
2026-08-11T16:33:27+08:00,free5gc-free5gc-pcf-pcf-769b57775d-crzp7,38m,10Mi
2026-08-11T16:33:27+08:00,free5gc-free5gc-smf-smf-7d94c978bf-bzj5s,39m,10Mi
2026-08-11T16:33:27+08:00,free5gc-free5gc-udm-udm-7fbb989b5c-96rtv,41m,13Mi
2026-08-11T16:33:27+08:00,free5gc-free5gc-udr-udr-788647bbb4-jbz5f,36m,11Mi
2026-08-11T16:33:27+08:00,free5gc-free5gc-webui-webui-6785478d49-lwtrb,3m,12Mi
2026-08-11T16:33:27+08:00,mongodb-0,103m,82Mi
2026-08-11T16:33:29+08:00,dbpython-free5gc-dbpython-dbpython-7fb488c7fc-8vt7q,30m,0Mi
2026-08-11T16:33:29+08:00,free5gc-free5gc-amf-amf-58c4d7b8b8-b75xd,38m,16Mi
2026-08-11T16:33:29+08:00,free5gc-free5gc-ausf-ausf-789bbfb4df-zxmhg,38m,20Mi
2026-08-11T16:33:29+08:00,free5gc-free5gc-chf-chf-6f777c7ff8-8mxhq,36m,12Mi
2026-08-11T16:33:29+08:00,free5gc-free5gc-nef-nef-759f694c89-jh7pd,37m,7Mi
2026-08-11T16:33:29+08:00,free5gc-free5gc-nrf-nrf-5766464855-bm2nv,3m,11Mi
2026-08-11T16:33:29+08:00,free5gc-free5gc-nssf-nssf-7f7767dd45-tvbcj,37m,7Mi
2026-08-11T16:33:29+08:00,free5gc-free5gc-pcf-pcf-769b57775d-crzp7,38m,10Mi
2026-08-11T16:33:29+08:00,free5gc-free5gc-smf-smf-7d94c978bf-bzj5s,39m,10Mi
2026-08-11T16:33:29+08:00,free5gc-free5gc-udm-udm-7fbb989b5c-96rtv,41m,13Mi
2026-08-11T16:33:29+08:00,free5gc-free5gc-udr-udr-788647bbb4-jbz5f,36m,11Mi
2026-08-11T16:33:29+08:00,free5gc-free5gc-webui-webui-6785478d49-lwtrb,3m,12Mi
2026-08-11T16:33:29+08:00,mongodb-0,103m,82Mi
2026-08-11T16:33:31+08:00,dbpython-free5gc-dbpython-dbpython-7fb488c7fc-8vt7q,28m,4Mi
2026-08-11T16:33:31+08:00,free5gc-free5gc-amf-amf-58c4d7b8b8-b75xd,39m,19Mi
2026-08-11T16:33:31+08:00,free5gc-free5gc-ausf-ausf-789bbfb4df-zxmhg,36m,21Mi
2026-08-11T16:33:31+08:00,free5gc-free5gc-chf-chf-6f777c7ff8-8mxhq,37m,12Mi
2026-08-11T16:33:31+08:00,free5gc-free5gc-nef-nef-759f694c89-jh7pd,40m,7Mi
2026-08-11T16:33:31+08:00,free5gc-free5gc-nrf-nrf-5766464855-bm2nv,2m,11Mi
2026-08-11T16:33:31+08:00,free5gc-free5gc-nssf-nssf-7f7767dd45-tvbcj,37m,7Mi
2026-08-11T16:33:31+08:00,free5gc-free5gc-pcf-pcf-769b57775d-crzp7,48m,11Mi
2026-08-11T16:33:31+08:00,free5gc-free5gc-smf-smf-7d94c978bf-bzj5s,39m,10Mi
2026-08-11T16:33:31+08:00,free5gc-free5gc-udm-udm-7fbb989b5c-96rtv,36m,13Mi
2026-08-11T16:33:31+08:00,free5gc-free5gc-udr-udr-788647bbb4-jbz5f,36m,11Mi
2026-08-11T16:33:31+08:00,free5gc-free5gc-webui-webui-6785478d49-lwtrb,2m,12Mi
2026-08-11T16:33:31+08:00,mongodb-0,125m,82Mi
2026-08-11T16:33:33+08:00,dbpython-free5gc-dbpython-dbpython-7fb488c7fc-8vt7q,28m,4Mi
2026-08-11T16:33:33+08:00,free5gc-free5gc-amf-amf-58c4d7b8b8-b75xd,39m,19Mi
2026-08-11T16:33:33+08:00,free5gc-free5gc-ausf-ausf-789bbfb4df-zxmhg,36m,21Mi
2026-08-11T16:33:33+08:00,free5gc-free5gc-chf-chf-6f777c7ff8-8mxhq,37m,12Mi
2026-08-11T16:33:33+08:00,free5gc-free5gc-nef-nef-759f694c89-jh7pd,40m,7Mi
2026-08-11T16:33:33+08:00,free5gc-free5gc-nrf-nrf-5766464855-bm2nv,2m,11Mi
2026-08-11T16:33:33+08:00,free5gc-free5gc-nssf-nssf-7f7767dd45-tvbcj,37m,7Mi
2026-08-11T16:33:33+08:00,free5gc-free5gc-pcf-pcf-769b57775d-crzp7,48m,11Mi
2026-08-11T16:33:33+08:00,free5gc-free5gc-smf-smf-7d94c978bf-bzj5s,39m,10Mi
2026-08-11T16:33:33+08:00,free5gc-free5gc-udm-udm-7fbb989b5c-96rtv,36m,13Mi
2026-08-11T16:33:33+08:00,free5gc-free5gc-udr-udr-788647bbb4-jbz5f,36m,11Mi
2026-08-11T16:33:33+08:00,free5gc-free5gc-webui-webui-6785478d49-lwtrb,2m,12Mi
2026-08-11T16:33:33+08:00,mongodb-0,125m,82Mi
2026-08-11T16:33:36+08:00,dbpython-free5gc-dbpython-dbpython-7fb488c7fc-8vt7q,28m,4Mi
2026-08-11T16:33:36+08:00,free5gc-free5gc-amf-amf-58c4d7b8b8-b75xd,39m,19Mi
2026-08-11T16:33:36+08:00,free5gc-free5gc-ausf-ausf-789bbfb4df-zxmhg,36m,21Mi
2026-08-11T16:33:36+08:00,free5gc-free5gc-chf-chf-6f777c7ff8-8mxhq,37m,12Mi
2026-08-11T16:33:36+08:00,free5gc-free5gc-nef-nef-759f694c89-jh7pd,40m,7Mi
2026-08-11T16:33:36+08:00,free5gc-free5gc-nrf-nrf-5766464855-bm2nv,2m,11Mi
2026-08-11T16:33:36+08:00,free5gc-free5gc-nssf-nssf-7f7767dd45-tvbcj,37m,7Mi
2026-08-11T16:33:36+08:00,free5gc-free5gc-pcf-pcf-769b57775d-crzp7,48m,11Mi
2026-08-11T16:33:36+08:00,free5gc-free5gc-smf-smf-7d94c978bf-bzj5s,39m,10Mi
2026-08-11T16:33:36+08:00,free5gc-free5gc-udm-udm-7fbb989b5c-96rtv,36m,13Mi
2026-08-11T16:33:36+08:00,free5gc-free5gc-udr-udr-788647bbb4-jbz5f,36m,11Mi
2026-08-11T16:33:36+08:00,free5gc-free5gc-webui-webui-6785478d49-lwtrb,2m,12Mi
2026-08-11T16:33:36+08:00,mongodb-0,125m,82Mi
2026-08-11T16:33:38+08:00,dbpython-free5gc-dbpython-dbpython-7fb488c7fc-8vt7q,28m,4Mi
2026-08-11T16:33:38+08:00,free5gc-free5gc-amf-amf-58c4d7b8b8-b75xd,39m,19Mi
2026-08-11T16:33:38+08:00,free5gc-free5gc-ausf-ausf-789bbfb4df-zxmhg,36m,21Mi
2026-08-11T16:33:38+08:00,free5gc-free5gc-chf-chf-6f777c7ff8-8mxhq,37m,12Mi
2026-08-11T16:33:38+08:00,free5gc-free5gc-nef-nef-759f694c89-jh7pd,40m,7Mi
2026-08-11T16:33:38+08:00,free5gc-free5gc-nrf-nrf-5766464855-bm2nv,2m,11Mi
2026-08-11T16:33:38+08:00,free5gc-free5gc-nssf-nssf-7f7767dd45-tvbcj,37m,7Mi
2026-08-11T16:33:38+08:00,free5gc-free5gc-pcf-pcf-769b57775d-crzp7,48m,11Mi
2026-08-11T16:33:38+08:00,free5gc-free5gc-smf-smf-7d94c978bf-bzj5s,39m,10Mi
2026-08-11T16:33:38+08:00,free5gc-free5gc-udm-udm-7fbb989b5c-96rtv,36m,13Mi
2026-08-11T16:33:38+08:00,free5gc-free5gc-udr-udr-788647bbb4-jbz5f,36m,11Mi
2026-08-11T16:33:38+08:00,free5gc-free5gc-webui-webui-6785478d49-lwtrb,2m,12Mi
2026-08-11T16:33:38+08:00,mongodb-0,125m,82Mi
2026-08-11T16:33:40+08:00,dbpython-free5gc-dbpython-dbpython-7fb488c7fc-8vt7q,28m,4Mi
2026-08-11T16:33:40+08:00,free5gc-free5gc-amf-amf-58c4d7b8b8-b75xd,39m,19Mi
2026-08-11T16:33:40+08:00,free5gc-free5gc-ausf-ausf-789bbfb4df-zxmhg,36m,21Mi
2026-08-11T16:33:40+08:00,free5gc-free5gc-chf-chf-6f777c7ff8-8mxhq,37m,12Mi
2026-08-11T16:33:40+08:00,free5gc-free5gc-nef-nef-759f694c89-jh7pd,40m,7Mi
2026-08-11T16:33:40+08:00,free5gc-free5gc-nrf-nrf-5766464855-bm2nv,2m,11Mi
2026-08-11T16:33:40+08:00,free5gc-free5gc-nssf-nssf-7f7767dd45-tvbcj,37m,7Mi
2026-08-11T16:33:40+08:00,free5gc-free5gc-pcf-pcf-769b57775d-crzp7,48m,11Mi
2026-08-11T16:33:40+08:00,free5gc-free5gc-smf-smf-7d94c978bf-bzj5s,39m,10Mi
2026-08-11T16:33:40+08:00,free5gc-free5gc-udm-udm-7fbb989b5c-96rtv,36m,13Mi
2026-08-11T16:33:40+08:00,free5gc-free5gc-udr-udr-788647bbb4-jbz5f,36m,11Mi
2026-08-11T16:33:40+08:00,free5gc-free5gc-webui-webui-6785478d49-lwtrb,2m,12Mi
2026-08-11T16:33:40+08:00,mongodb-0,125m,82Mi
2026-08-11T16:33:42+08:00,dbpython-free5gc-dbpython-dbpython-7fb488c7fc-8vt7q,28m,4Mi
2026-08-11T16:33:42+08:00,free5gc-free5gc-amf-amf-58c4d7b8b8-b75xd,39m,19Mi
2026-08-11T16:33:42+08:00,free5gc-free5gc-ausf-ausf-789bbfb4df-zxmhg,36m,21Mi
2026-08-11T16:33:42+08:00,free5gc-free5gc-chf-chf-6f777c7ff8-8mxhq,37m,12Mi
2026-08-11T16:33:42+08:00,free5gc-free5gc-nef-nef-759f694c89-jh7pd,40m,7Mi
2026-08-11T16:33:42+08:00,free5gc-free5gc-nrf-nrf-5766464855-bm2nv,2m,11Mi
2026-08-11T16:33:42+08:00,free5gc-free5gc-nssf-nssf-7f7767dd45-tvbcj,37m,7Mi
2026-08-11T16:33:42+08:00,free5gc-free5gc-pcf-pcf-769b57775d-crzp7,48m,11Mi
2026-08-11T16:33:42+08:00,free5gc-free5gc-smf-smf-7d94c978bf-bzj5s,39m,10Mi
2026-08-11T16:33:42+08:00,free5gc-free5gc-udm-udm-7fbb989b5c-96rtv,36m,13Mi
2026-08-11T16:33:42+08:00,free5gc-free5gc-udr-udr-788647bbb4-jbz5f,36m,11Mi
2026-08-11T16:33:42+08:00,free5gc-free5gc-webui-webui-6785478d49-lwtrb,2m,12Mi
2026-08-11T16:33:42+08:00,mongodb-0,125m,82Mi
2026-08-11T16:33:44+08:00,dbpython-free5gc-dbpython-dbpython-7fb488c7fc-8vt7q,28m,4Mi
2026-08-11T16:33:44+08:00,free5gc-free5gc-amf-amf-58c4d7b8b8-b75xd,39m,19Mi
2026-08-11T16:33:44+08:00,free5gc-free5gc-ausf-ausf-789bbfb4df-zxmhg,36m,21Mi
2026-08-11T16:33:44+08:00,free5gc-free5gc-chf-chf-6f777c7ff8-8mxhq,37m,12Mi
2026-08-11T16:33:44+08:00,free5gc-free5gc-nef-nef-759f694c89-jh7pd,40m,7Mi
2026-08-11T16:33:44+08:00,free5gc-free5gc-nrf-nrf-5766464855-bm2nv,2m,11Mi
2026-08-11T16:33:44+08:00,free5gc-free5gc-nssf-nssf-7f7767dd45-tvbcj,37m,7Mi
2026-08-11T16:33:44+08:00,free5gc-free5gc-pcf-pcf-769b57775d-crzp7,48m,11Mi
2026-08-11T16:33:44+08:00,free5gc-free5gc-smf-smf-7d94c978bf-bzj5s,39m,10Mi
2026-08-11T16:33:44+08:00,free5gc-free5gc-udm-udm-7fbb989b5c-96rtv,36m,13Mi
2026-08-11T16:33:44+08:00,free5gc-free5gc-udr-udr-788647bbb4-jbz5f,36m,11Mi
2026-08-11T16:33:44+08:00,free5gc-free5gc-webui-webui-6785478d49-lwtrb,2m,12Mi
2026-08-11T16:33:44+08:00,mongodb-0,125m,82Mi
